"","child_sex","cluster","PRQ_1.1.1","PRQ_1.1.2","PRQ_1.2.1","PRQ_1.2.2","PRQ_1.3.1","PRQ_1.3.2","PRQ_1.4.1","PRQ_1.4.2","PRQ_2.1.1","PRQ_2.1.2","PRQ_2.2.1","PRQ_2.2.2","PRQ_2.3.1","PRQ_2.3.2","PRQ_2.4.1","PRQ_2.4.2","PRQ_3.1.1","PRQ_3.1.2","PRQ_3.2.1","PRQ_3.2.2","PRQ_3.3.1","PRQ_3.3.2","PRQ_3.4.1","PRQ_3.4.2","PRQ_16.1.1","PRQ_16.1.2","PRQ_16.2.1","PRQ_16.2.2","PRQ_16.3.1","PRQ_16.3.2","PRQ_16.4.1","PRQ_16.4.2","PRQ_21.1.1","PRQ_21.1.2","PRQ_21.2.1","PRQ_21.2.2","PRQ_21.3.1","PRQ_21.3.2","PRQ_21.4.1","PRQ_21.4.2","PRQ_26.1.1","PRQ_26.1.2","PRQ_26.2.1","PRQ_26.2.2","PRQ_26.3.1","PRQ_26.3.2","PRQ_26.4.1","PRQ_26.4.2","PRQ_31.1.1","PRQ_31.1.2","PRQ_31.2.1","PRQ_31.2.2","PRQ_31.3.1","PRQ_31.3.2","PRQ_31.4.1","PRQ_31.4.2","PRQ_36.1.1","PRQ_36.1.2","PRQ_36.2.1","PRQ_36.2.2","PRQ_36.3.1","PRQ_36.3.2","PRQ_36.4.1","PRQ_36.4.2","PRQ_40.1.1","PRQ_40.1.2","PRQ_40.2.1","PRQ_40.2.2","PRQ_40.3.1","PRQ_40.3.2","PRQ_40.4.1","PRQ_40.4.2","PRQ_42.1.1","PRQ_42.1.2","PRQ_42.2.1","PRQ_42.2.2","PRQ_42.3.1","PRQ_42.3.2","PRQ_42.4.1","PRQ_42.4.2","PRQ_43.1.1","PRQ_43.1.2","PRQ_43.2.1","PRQ_43.2.2","PRQ_43.3.1","PRQ_43.3.2","PRQ_43.4.1","PRQ_43.4.2"
"1",2,1.1,3,3,NA,NA,NA,NA,NA,NA,4,4,NA,NA,NA,NA,NA,NA,4,4,NA,NA,NA,NA,NA,NA,3,3,NA,NA,NA,NA,NA,NA,3,3,NA,NA,NA,NA,NA,NA,4,4,NA,NA,NA,NA,NA,NA,3,3,NA,NA,NA,NA,NA,NA,4,4,NA,NA,NA,NA,NA,NA,3,3,NA,NA,NA,NA,NA,NA,4,4,NA,NA,NA,NA,NA,NA,4,4,NA,NA,NA,NA,NA,NA
"2",2,24.1,3,3,NA,NA,3,3,2,4,3,3,NA,NA,2,3,3,4,4,4,NA,NA,3,4,3,4,3,3,NA,NA,3,3,3,4,4,3,NA,NA,3,3,2,4,4,4,NA,NA,4,4,4,4,3,3,NA,NA,3,3,3,4,3,3,NA,NA,3,3,3,4,4,3,NA,NA,3,3,4,4,4,3,NA,NA,3,3,4,4,3,3,NA,NA,3,3,3,4
"3",2,12.2,2,3,3,3,2,3,NA,NA,2,2,2,3,3,3,NA,NA,2,3,3,4,4,3,NA,NA,3,4,4,2,4,4,NA,NA,3,4,2,2,2,3,NA,NA,4,4,4,4,4,4,NA,NA,2,3,2,2,2,3,NA,NA,2,3,2,3,3,3,NA,NA,2,4,3,2,3,4,NA,NA,3,4,3,3,3,4,NA,NA,2,3,3,3,3,3,NA,NA
"4",1,14.1,2,4,NA,NA,3,4,4,4,2,3,NA,NA,2,4,3,3,3,3,NA,NA,3,4,3,4,2,2,NA,NA,3,2,3,2,2,3,NA,NA,2,3,3,2,2,4,NA,NA,4,4,4,4,2,4,NA,NA,2,4,3,4,2,3,NA,NA,3,4,2,4,2,4,NA,NA,3,4,2,4,2,4,NA,NA,3,4,3,4,2,3,NA,NA,3,3,2,4
"5",1,1.1,4,3,NA,NA,NA,NA,3,2,3,2,NA,NA,NA,NA,3,2,3,2,NA,NA,NA,NA,4,3,3,3,NA,NA,NA,NA,3,4,3,2,NA,NA,NA,NA,2,2,4,4,NA,NA,NA,NA,3,4,3,3,NA,NA,NA,NA,3,3,3,3,NA,NA,NA,NA,3,3,4,2,NA,NA,NA,NA,3,3,4,4,NA,NA,NA,NA,4,4,3,3,NA,NA,NA,NA,3,4
"6",2,11.2,2,3,NA,NA,NA,NA,NA,NA,2,3,NA,NA,NA,NA,NA,NA,3,4,NA,NA,NA,NA,NA,NA,3,3,NA,NA,NA,NA,NA,NA,2,3,NA,NA,NA,NA,NA,NA,3,4,NA,NA,NA,NA,NA,NA,2,2,NA,NA,NA,NA,NA,NA,2,3,NA,NA,NA,NA,NA,NA,2,4,NA,NA,NA,NA,NA,NA,3,4,NA,NA,NA,NA,NA,NA,2,3,NA,NA,NA,NA,NA,NA
"7",2,16.1,3,2,3,3,3,3,NA,NA,3,2,2,3,2,3,NA,NA,2,2,3,3,3,3,NA,NA,3,2,3,3,3,2,NA,NA,3,2,3,2,3,4,NA,NA,4,3,4,4,4,4,NA,NA,4,2,4,3,3,4,NA,NA,3,2,3,3,2,4,NA,NA,3,3,3,3,2,4,NA,NA,4,4,3,4,3,4,NA,NA,3,2,3,3,3,4,NA,NA
"8",1,11.2,2,3,NA,NA,NA,NA,NA,NA,3,3,NA,NA,NA,NA,NA,NA,2,3,NA,NA,NA,NA,NA,NA,3,3,NA,NA,NA,NA,NA,NA,3,3,NA,NA,NA,NA,NA,NA,3,4,NA,NA,NA,NA,NA,NA,2,3,NA,NA,NA,NA,NA,NA,2,3,NA,NA,NA,NA,NA,NA,2,4,NA,NA,NA,NA,NA,NA,3,4,NA,NA,NA,NA,NA,NA,2,3,NA,NA,NA,NA,NA,NA
"9",2,16.1,4,3,4,3,4,3,NA,NA,3,3,2,3,3,3,NA,NA,3,3,3,3,3,3,NA,NA,2,2,3,3,3,3,NA,NA,2,2,2,2,3,2,NA,NA,4,4,4,4,4,4,NA,NA,2,2,4,3,3,3,NA,NA,3,3,2,3,2,3,NA,NA,3,3,4,3,3,3,NA,NA,3,3,4,3,3,4,NA,NA,2,2,2,2,3,3,NA,NA
"10",1,16.2,3,3,3,3,3,3,3,2,3,2,3,3,3,3,3,3,3,3,3,3,3,3,3,3,3,3,3,3,3,3,3,3,3,3,3,3,2,3,3,3,4,4,4,4,4,4,4,3,3,2,3,3,3,3,3,3,3,3,3,3,3,3,3,2,3,4,3,3,3,3,3,3,3,4,3,4,3,3,4,3,3,3,3,3,3,3,3,3
"11",1,19.1,3,4,NA,NA,3,3,NA,NA,2.68405797101449,3,NA,NA,3,3,NA,NA,2.97101449275362,2,NA,NA,4,3,NA,NA,2.81449275362319,4,NA,NA,3,4,NA,NA,2.68157208660683,3,NA,NA,2,4,NA,NA,3.78401206698685,4,NA,NA,4,4,NA,NA,2.98024644693403,4,NA,NA,4,4,NA,NA,2.85942028985507,2,NA,NA,4,3,NA,NA,3.06666666666667,4,NA,NA,3,4,NA,NA,3.55597118915096,4,NA,NA,4,4,NA,NA,2.98405797101449,4,NA,NA,4,4,NA,NA
"12",1,8.2,4,3,3,3,NA,NA,4,4,3,3,3,3,NA,NA,4,4,4,3,4,4,NA,NA,4,4,3,3,3,3,NA,NA,4,4,3,3,3,3,NA,NA,4,4,4,3,3,3,NA,NA,4,4,2,3,3,3,NA,NA,4,4,3,3,3,3,NA,NA,4,4,4,4,3,3,NA,NA,4,4,4,3,3,3,NA,NA,4,4,3,3,3,3,NA,NA,4,4
"13",1,7.2,3,4,3,4,4,4,4,4,2,2,2,3,3,3,2,3,3,2,2,4,3,3,4,4,3,3,3,2,3,2,2,3,2,2,3,3,2,3,2,1,4,4,3,4,3,4,4,4,3,3,3,3,3,2,4,3,3,2,3,3,3,3,2,3,3,4,3,4,3,3,2,4,3,4,3,4,3,3,3,4,3,3,3,3,3,2,4,3
"14",2,22.1,3,3,1,2,4,4,3,4,2,2,3,3,2,2,3,4,2,2,1,4,2,2,3,2,2,2,4,4,2,2,2,2,2,2,1,1,2,2,2,1,4,4,4,4,4,4,4,4,3,2,4,4,4,4,3,3,1,1,4,4,2,2,2,2,4,4,4,4,4,4,3,4,4,4,4,4,4,4,4,4,3,3,4,4,3,3,3,4
"15",2,18.1,3,4,2,3,2,4,4,3,3,3,3,3,3,3,3,3,3,3,3,3,3,3,3,3,3,3,2,2,2,3,3,2,3,2,2,2,3,2,3,3,4,4,4,4,4,4,4,4,3,4,3,4,2,3,3,3,3,3,3,3,2,3,3,3,3,3,2,4,2,4,2,3,4,4,4,4,3,4,3,4,3,3,3,3,3,3,3,3
"16",2,7.2,3,3,4,3,3,4,3,4,3,3,3,3,3,3,4,4,3,3,3,3,3,4,4,4,3,3,3,3,3,3,3,3,4,3,2,3,3,2,2,4,3,4,3,4,3,4,3,4,3,4,3,3,3,3,2,4,2,3,3,3,3,3,3,4,3,4,2,4,3,4,2,4,3,3,2,3,3,3,2,4,3,3,3,3,3,3,2,4
"17",2,14.1,3,3,NA,NA,NA,NA,NA,NA,3,2,NA,NA,NA,NA,NA,NA,3,4,NA,NA,NA,NA,NA,NA,3,3,NA,NA,NA,NA,NA,NA,3,2,NA,NA,NA,NA,NA,NA,4,4,NA,NA,NA,NA,NA,NA,3,4,NA,NA,NA,NA,NA,NA,3,2,NA,NA,NA,NA,NA,NA,2,4,NA,NA,NA,NA,NA,NA,3,4,NA,NA,NA,NA,NA,NA,3,3,NA,NA,NA,NA,NA,NA
"18",2,17.1,4,3,4,3,4,3,4,2,3,3,3,3,3,3,4,3,3,3,3,3,3,4,4,4,3,3,3,2,3,3,3,4,3,3,3,2,2,3,2,4,3,3,4,4,4,4,4,3,3,2,4,2,4,4,4,3,2,3,3,3,2,3,3,3,2,3,2,4,2,3,3,3,4,4,4,4,4,4,3,4,4,3,3,3,3,3,3,3
"19",2,13.1,3,3,3,4,4,3,3,4,2,2,2,2,2,3,3,3,4,3,3,4,3,3,4,3,2,3,3,3,3,2,2,3,3,3,3,3,3,3,3,3,4,3,4,3,3,3,4,4,3,4,3,3,3,3,4,4,3,3,3,2,3,3,3,3,2,4,3,3,3,3,3,4,3,3,3,3,3,3,3,3,3,3,2,3,3,3,3,3
"20",2,22.1,3,3,NA,NA,3,3,3,3,3,2,NA,NA,3,3,3,4,3,3,NA,NA,3,3,3,3,3,3,NA,NA,2,3,3,3,2,3,NA,NA,2,3,3,2,3,4,NA,NA,2,3,3,4,3,3,NA,NA,3,3,4,2,3,2,NA,NA,2,3,3,3,2,3,NA,NA,2,3,3,4,3,3,NA,NA,3,3,3,4,3,3,NA,NA,2,3,3,4
"21",2,18.3,3,3,2,3,3,3,NA,NA,2,3,2,4,4,3,NA,NA,4,4,3,4,4,4,NA,NA,4,4,3,4,4,3,NA,NA,2,4,2,4,3,3,NA,NA,3,4,3,4,4,4,NA,NA,3,2,3,3,4,3,NA,NA,2,4,2,4,4,3,NA,NA,2,2,2,3,3,3,NA,NA,3,4,2,4,3,3,NA,NA,3,3,2,4,4,3,NA,NA
"22",2,12.1,2,3,3,3,3,2,NA,NA,3,3,4,3,2,3,NA,NA,3,3,3,4,4,3,NA,NA,4,3,4,3,2,3,NA,NA,4,3,4,2,3,3,NA,NA,4,3,4,3,4,3,NA,NA,2,2,3,3,3,3,NA,NA,3,3,4,2,3,2,NA,NA,3,3,3,4,3,3,NA,NA,2,4,2,3,3,3,NA,NA,3,3,3,3,3,3,NA,NA
"23",2,16.1,3,3,NA,4,4,4,4,4,2,4,NA,3,4,3,4,4,2,3,NA,4,4,4,4,4,3,4,NA,3,2,3,4,4,2,4,NA,3,2,3,3,2,4,4,NA,4,4,4,4,4,4,4,NA,3,4,3,4,4,4,4,NA,3,NA,3,4,4,2,4,NA,4,2,4,2,4,4,4,NA,4,4,4,4,4,3,3,NA,3,4,4,2,4
"24",2,7.2,2,2,2,3,2,3,NA,NA,3,2,3,2,3,2,NA,NA,3,3,3,3,3,3,NA,NA,3,2,3,2,4,2,NA,NA,3,3,2,3,3,3,NA,NA,3,4,3,4,3,4,NA,NA,2,3,2,3,3,2,NA,NA,3,2,3,2,3,NA,NA,NA,2,2,2,3,3,3,NA,NA,3,4,3,4,3,4,NA,NA,3,3,3,3,3,3,NA,NA
"25",2,7.2,3,3,3,3,3,3,3,4,2,2,3,3,3,3,3,3,3,3,3,4,3,3,3,4,2,3,3,3,3,3,4,4,2,3,3,3,3,4,4,4,4,4,4,4,4,4,4,4,2,3,3,3,3,3,4,4,3,3,3,4,3,4,4,4,3,3,3,4,3,4,4,4,3,4,3,4,4,4,4,4,3,3,3,3,4,4,4,3
"26",2,10.2,3,4,NA,NA,4,3,4,4,3,3,NA,NA,3,3,3,4,4,2,NA,NA,3,3,3,NA,3,4,NA,NA,3,3,3,4,3,3,NA,NA,3,3,4,4,4,3,NA,NA,3,4,4,4,3,4,NA,NA,3,2,3,4,3,2,NA,NA,3,3,3,3,3,3,NA,NA,3,3,3,4,3,4,NA,NA,3,4,4,4,3,4,NA,NA,3,3,3,4
"27",2,18.1,2,3,2,3,3,3,NA,NA,2,3,2,3,2,3,NA,NA,2,2,2,3,3,3,NA,NA,2,3,2,3,2,3,NA,NA,3,2,2,2,2,3,NA,NA,3,3,3,4,3,4,NA,NA,2,3,2,4,2,3,NA,NA,2,3,2,3,3,3,NA,NA,3,3,2,4,3,3,NA,NA,3,3,3,3,3,3,NA,NA,3,3,3,3,3,3,NA,NA
"28",2,19.2,2,3,3,3,NA,NA,NA,NA,2,3,2,3,NA,NA,NA,NA,2,3,3,2,NA,NA,NA,NA,3,2,3,3,NA,NA,NA,NA,1,3,2,3,NA,NA,NA,NA,3,4,3,4,NA,NA,NA,NA,2,2,3,2,NA,NA,NA,NA,2,2,3,3,NA,NA,NA,NA,2,3,2,3,NA,NA,NA,NA,3,3,4,3,NA,NA,NA,NA,2,3,3,3,NA,NA,NA,NA
"29",2,13.1,3,3,3,3,3,2,NA,NA,2,2,3,2,3,2,NA,NA,3,3,3,3,4,4,NA,NA,2,2,4,3,3,3,NA,NA,4,3,2,3,3,2,NA,NA,3,4,4,4,4,4,NA,NA,3,2,3,3,3,3,NA,NA,3,2,3,2,3,3,NA,NA,3,4,3,4,3,3,NA,NA,3,3,3,4,3,3,NA,NA,3,3,3,3,3,3,NA,NA
"30",2,14.1,4,4,NA,NA,NA,NA,4,NA,3,3,NA,NA,NA,NA,3,NA,2,4,NA,NA,NA,NA,4,NA,2,4,NA,NA,NA,NA,3,NA,3,4,NA,NA,NA,NA,3,NA,4,4,NA,NA,NA,NA,4,NA,3,4,NA,NA,NA,NA,3,NA,3,3,NA,NA,NA,NA,3,NA,3,4,NA,NA,NA,NA,4,NA,4,4,NA,NA,NA,NA,4,NA,3,3,NA,NA,NA,NA,4,NA
"31",2,16.1,3,4,2,3,3,4,2,4,2,3,2,3,2,3,2,4,3,3,3,4,3,4,3,4,4,3,3,3,3,4,2,4,2.58706840019499,3,2,2,3,3,2,2,4,4,4,4,3,4,3,4,2,4,3,3,3,4,2,4,2,3,2,3,3,4,2,4,2,4,2,4,2,4,2,4,3,4,3,4,2,4,2,4,3,4,3,4,2,4,2,4
"32",2,24.1,3,2,3,2,3,2,4,4,3,3,3,3,3,3,3,3,3,3,3,3,4,4,4,4,3,3,4,2,4,3,3,3,2,3,3,2,3,3,3,3,4,4,4,4,4,4,4,4,3,3,3,2,3,2,3,2,3,2,3,3,3,3,3,3,3,2,3,3,2,3,3,4,3,3,4,3,3,3,3,4,3,3,3,3,3,3,3,3
"33",1,17.1,3,4,3,4,3,3,NA,NA,3,3,3,3,3,4,NA,NA,3,3,4,3,4,4,NA,NA,3,2,4,4,4,3,NA,NA,3,2,4,2,4,4,NA,NA,4,4,4,4,4,4,NA,NA,3,4,3,4,4,4,NA,NA,4,4,4,4,4,4,NA,NA,4,4,4,4,4,4,NA,NA,4,4,4,4,4,4,NA,NA,4,3,3,4,4,4,NA,NA
"34",1,24.1,2,3,2,3,3,3,3,4,2,3,2,3,2,3,2,4,2,3,2,3,3,4,3,4,2,2,2,3,2,3,2,4,2,2,2,3,1,3,3,3,3,3,4,4,3,4,3,4,2,2,2,3,3,3,3,4,2,3,2,3,3,3,3,4,2,3,2,4,3,3,2,4,3,3,2,4,4,4,3,4,2,2,2,3,3,3,3,4
"35",1,5.1,2,4,NA,NA,NA,NA,NA,NA,1,3,NA,NA,NA,NA,NA,NA,1,3,NA,NA,NA,NA,NA,NA,2,3,NA,NA,NA,NA,NA,NA,1,1,NA,NA,NA,NA,NA,NA,4,4,NA,NA,NA,NA,NA,NA,2,4,NA,NA,NA,NA,NA,NA,1,3,NA,NA,NA,NA,NA,NA,2,4,NA,NA,NA,NA,NA,NA,3,4,NA,NA,NA,NA,NA,NA,3,3,NA,NA,NA,NA,NA,NA
"36",1,18.2,4,4,NA,NA,4,NA,4,4,2,2,NA,NA,4,NA,4,3,3,2,NA,NA,4,NA,4,4,3,2,NA,NA,NA,NA,2,4,4,4,NA,NA,4,NA,2,4,4,4,NA,NA,4,NA,4,4,4,4,NA,NA,NA,NA,4,4,3,4,NA,NA,2,NA,3,4,4,4,NA,NA,4,NA,4,4,4,4,NA,NA,4,NA,4,4,2,4,NA,NA,4,NA,4,4
"37",1,13.1,2,3,NA,NA,2,3,NA,NA,2,2,NA,NA,1,3,NA,NA,2,3,NA,NA,2,3,NA,NA,2,3,NA,NA,1,3,NA,NA,2,2,NA,NA,2,2,NA,NA,4,3,NA,NA,4,3,NA,NA,2,2,NA,NA,2,3,NA,NA,2,2,NA,NA,2,3,NA,NA,3,3,NA,NA,4,3,NA,NA,3,3,NA,NA,4,3,NA,NA,2,3,NA,NA,3,3,NA,NA
"38",1,1.1,3,3,NA,NA,NA,NA,NA,NA,4,2,NA,NA,NA,NA,NA,NA,4,4,NA,NA,NA,NA,NA,NA,3,3,NA,NA,NA,NA,NA,NA,3,4,NA,NA,NA,NA,NA,NA,4,4,NA,NA,NA,NA,NA,NA,3,3,NA,NA,NA,NA,NA,NA,3,3,NA,NA,NA,NA,NA,NA,4,3,NA,NA,NA,NA,NA,NA,4,4,NA,NA,NA,NA,NA,NA,3,3,NA,NA,NA,NA,NA,NA
"39",1,19.3,4,4,NA,NA,NA,NA,4,4,4,3,NA,NA,NA,NA,4,4,4,3,NA,NA,NA,NA,4,4,4,3,NA,NA,NA,NA,4,3,2,3,NA,NA,NA,NA,3,3,4,4,NA,NA,NA,NA,4,4,4,4,NA,NA,NA,NA,4,1,4,3,NA,NA,NA,NA,4,4,2,3,NA,NA,NA,NA,NA,3,3,4,NA,NA,NA,NA,4,4,2,3,NA,NA,NA,NA,3,4
"40",1,13.2,2,3,3,4,3,3,4,4,3,3,3,3,3,3,3,3,3,3,3,3,3,3,4,3,3,2,3,2,3,2,3,3,2,3,3,2,2,3,3,3,4,4,3,4,4,4,4,4,3,3,3,2,3,3,4,4,3,3,3,2,3,3,3,4,3,4,3,4,3,3,2,3,4,4,3,3,3,3,3,4,3,4,2,3,3,3,4,4
"41",1,6.1,4,3,4,3,4,3,4,3,3,3,3,2,3,3,3,2,4,2,3,3,4,3,4,4,3,3,3,4,3,4,3,2,2,3,2,4,3,4,3,1,4,4,4,4,4,4,4,4,4,2,3,3,4,4,4,4,4,3,3,3,3,3,3,3,3,4,3,4,4,4,4,1,4,3,4,4,4,4,4,4,3,4,3,4,3,4,4,4
"42",1,16.1,4,4,3,4,4,4,4,4,3,3,4,3,3,4,4,3,3,4,4,4,4,4,4,4,4,4,3,4,3,4,4,4,3,3,3,4,4,4,NA,4,4,4,4,4,4,4,4,4,3,4,3,4,4,4,4,4,3,4,3,4,3,4,4,4,3,4,3,4,3,4,3,4,4,4,3,4,4,4,4,4,3,4,3,4,4,4,4,4
"43",1,11.2,3,4,4,3,NA,NA,4,4,2,2,2,3,NA,NA,3,3,3,4,3,3,NA,NA,4,3,3,3,2,2,NA,NA,3,3,3,1,1,1,NA,NA,3,3,4,3,4,3,NA,NA,4,4,3,4,3,3,NA,NA,3,4,3,3,3,3,NA,NA,3,3,2,3,3,2,NA,NA,3,3,4,3,4,3,NA,NA,4,3,3,3,3,2,NA,NA,3,3
"44",1,18.1,2,3,NA,NA,3,3,4,4,3,3,NA,NA,3,2,4,3,3,4,NA,NA,3,3,4,4,4,3,NA,NA,4,2,4,3,4,2,NA,NA,3,3,4,2,4,4,NA,NA,4,4,4,4,2,4,NA,NA,3,3,2,4,3,4,NA,NA,3,3,4,4,2,4,NA,NA,3,4,3,1,4,4,NA,NA,3,4,4,4,3,3,NA,NA,3,3,3,4
"45",1,5.2,2,3,3,4,2,4,NA,NA,2,3,3,4,2,4,NA,NA,2,4,3,4,2,4,NA,NA,2,4,3,4,2,4,NA,NA,3,4,3,4,2,4,NA,NA,4,4,4,4,4,4,NA,NA,2,3,3,4,2,4,NA,NA,2,4,3,4,2,4,NA,NA,2,3,3,4,3,4,NA,NA,3,4,4,4,4,4,NA,NA,2,4,3,4,2,4,NA,NA
"46",1,19.3,2,4,NA,NA,NA,NA,2,4,2,2,NA,NA,NA,NA,3,4,2,3,NA,NA,NA,NA,4,4,2,4,NA,NA,NA,NA,3,3,2.80646136507382,3.24363751561889,NA,NA,NA,NA,3,4,4,4,NA,NA,NA,NA,4,4,4,4,NA,NA,NA,NA,2,4,3,3,NA,NA,NA,NA,4,4,4,4,NA,NA,NA,NA,3,4,4,4,NA,NA,NA,NA,4,4,4,4,NA,NA,NA,NA,3,4
"47",1,15.1,2,4,3,3,NA,NA,NA,NA,3,3,3,3,NA,NA,NA,NA,3,4,3,4,NA,NA,NA,NA,3,3,2,2,NA,NA,NA,NA,3,3,3,2,NA,NA,NA,NA,4,4,4,4,NA,NA,NA,NA,3,4,2,3,NA,NA,NA,NA,3,3,3,2,NA,NA,NA,NA,2,4,2,4,NA,NA,NA,NA,3,4,4,4,NA,NA,NA,NA,3,3,3,3,NA,NA,NA,NA
"48",2,12.2,2,3,NA,NA,NA,3,4,4,2,3,NA,NA,NA,3,3,4,2,3,NA,NA,NA,4,2,4,3,3,NA,NA,NA,3,2,4,3,3,NA,NA,NA,3,2,4,3,4,NA,NA,NA,4,3,4,2,3,NA,NA,NA,3,2,4,3,3,NA,NA,NA,3,2,4,2,4,NA,NA,NA,4,2,4,3,4,NA,NA,NA,4,3,4,3,3,NA,NA,NA,4,2,4
"49",1,7.2,3,3,NA,NA,NA,NA,2,4,2,3,NA,NA,NA,NA,3,3,3,4,NA,NA,NA,NA,3,4,3,4,NA,NA,NA,NA,4,4,4,4,NA,NA,NA,NA,3,4,4,4,NA,NA,NA,NA,4,4,2,4,NA,NA,NA,NA,4,4,2,3,NA,NA,NA,NA,3,3,2,3,NA,NA,NA,NA,2,4,4,4,NA,NA,NA,NA,2,4,4,4,NA,NA,NA,NA,3,4
"50",1,19.3,2,3,NA,NA,NA,NA,NA,NA,1,3,NA,NA,NA,NA,NA,NA,2,4,NA,NA,NA,NA,NA,NA,2,4,NA,NA,NA,NA,NA,NA,2,3,NA,NA,NA,NA,NA,NA,4,4,NA,NA,NA,NA,NA,NA,4,3,NA,NA,NA,NA,NA,NA,2,4,NA,NA,NA,NA,NA,NA,3,4,NA,NA,NA,NA,NA,NA,4,4,NA,NA,NA,NA,NA,NA,2,3,NA,NA,NA,NA,NA,NA
"51",2,20.1,4,3,4,4,3,4,4,4,3,2,2,3,3,3,4,4,4,3,3,3,4,4,4,3,3,3,4,3,4,3,4,3,3,3,4,3,3,4,4,4,4,4,4,4,4,4,4,4,3,3,3,4,3,4,2,4,3,2,3,3,3,4,3,4,2,3,2,3,3,4,2,4,4,4,4,4,4,4,4,4,3,2,3,2,3,3,4,3
"52",2,7.2,3,3,3,4,3,4,3,3,3,3,3,3,3,3,3,3,3,3,3,3,3,4,4,3,3,3,3,4,3,4,4,3,3,4,3,3,3,4,3,3,4,4,4,4,4,4,4,4,3,3,3,4,2,4,2,3,3,3,3,3,3,4,4,4,3,4,3,4,3,4,3,3,3,3,3,3,3,4,4,4,3,3,3,3,3,4,3,4
"53",1,16.2,4,2,3,3,4,2,4,4,4,1,3,2,3,1,4,2,4,2,3,2,4,3,4,4,4,2,3,2,3,2,4,4,4,2,3,2,3,2,3,2,4,4,4,4,4,4,4,4,4,2,3,2,3,3,4,4,4,2,3,3,3,3,4,2,2,1,3,2,2,2,2,1,4,4,3,4,3,3,4,4,4,3,3,3,3,3,4,3
"54",1,2.1,4,3,2,2,NA,NA,NA,NA,3,3,3,3,NA,NA,NA,NA,2,2,3,3,NA,NA,NA,NA,3,3,3,3,NA,NA,NA,NA,3,2,4,2,NA,NA,NA,NA,4,3,4,3,NA,NA,NA,NA,3,2,3,2,NA,NA,NA,NA,2,3,3,3,NA,NA,NA,NA,3,3,2,3,NA,NA,NA,NA,3,3,3,3,NA,NA,NA,NA,3,3,3,3,NA,NA,NA,NA
"55",2,17.1,3,2,2,3,3,2,2,2,2,3,2,3,3,3,3,3,2,3,3,3,3,4,3,3,3,3,2,3,3,3,3,3,3,3,2,2,2,3,2,3,3,3,3,3,4,3,3,3,3,3,2,3,4,3,3,2,2,3,2,3,3,3,3,3,2,3,2,3,3,3,2,2,2,4,3,3,3,3,3,3,3,3,3,3,3,3,3,3
"56",2,25.1,3,4,3,4,4,4,4,4,3,3,3,3,3,3,3,4,3,3,3,4,3,3,4,2,3,4,3,4,2,2,3,4,2,4,3,3.18479297615813,3,2,3,3,4,4,4,4,4,4,4,4,3,4,3,4,3,3,3,2,3,3,3,4,3,2,3,2,4,3,3,3,3,3,3,2,3,4,4,4,4,3,4,2,3,3,3,3,3,3,3,2
"57",1,5.2,2,4,NA,NA,3,4,NA,NA,2,4,NA,NA,3,4,NA,NA,3,4,NA,NA,4,4,NA,NA,3,3,NA,NA,3,4,NA,NA,3,3,NA,NA,3,4,NA,NA,4,4,NA,NA,4,4,NA,NA,2,4,NA,NA,3,4,NA,NA,3,4,NA,NA,3,4,NA,NA,2,4,NA,NA,3,4,NA,NA,4,4,NA,NA,4,4,NA,NA,3,3,NA,NA,3,4,NA,NA
"58",2,3.3,3,3,3,3,3,3,3,3,2,3,3,3,3,3,3,4,3,3,3,3,3,3,4,4,3,3,3,3,2,3,2,2,3,4,2,3,2,3,2,3,4,4,4,4,4,4,4,4,3,2,3,2,3,3,4,3,4,3,3,3,3,3,3,4,3,4,2,3,2,4,2,4,4,4,3,4,3,4,4,4,3,3,3,3,3,3,4,4
"59",2,14.1,4,3,NA,NA,2,3,3,4,2,3,NA,NA,3,3,3,4,2,3,NA,NA,3,3,3,4,2,3,NA,NA,3,3,3,3,1,3,NA,NA,3,3,2,3,3,4,NA,NA,4,4,3,4,2,4,NA,NA,2,3,3,3,2,3,NA,NA,3,3,3,3,2,4,NA,NA,3,3,3,3,3,3,NA,NA,3,3,4,3,2,3,NA,NA,3,3,3,3
"60",1,3.3,3,2,NA,NA,4,3,3,4,2,2,NA,NA,2,3,2,3,3,4,NA,NA,3,4,3,3,4,3,NA,NA,2,3,2,2,2,2,NA,NA,2,2,3,1,4,4,NA,NA,4,4,4,4,4,3,NA,NA,3,3,2,4,2,2,NA,NA,3,3,2,3,4,3,NA,NA,4,4,2,4,2,3,NA,NA,4,4,2,4,3,3,NA,NA,3,3,3,3
"61",1,13.1,2,4,2,4,3,3,NA,NA,2,3,3,3,2,3,NA,NA,3,4,3,3,3,4,NA,NA,3,3,3,3,3,3,NA,NA,3,2,2,2,3,2,NA,NA,4,4,3,3,3,4,NA,NA,2,3,2,4,2,3,NA,NA,3,3,2,3,2,3,NA,NA,2,4,2,3,3,3,NA,NA,3,3,3,3,3,3,NA,NA,2,4,2,3,3,3,NA,NA
"62",1,21.2,3,3,3,3,3,4,3,4,3,3,3,3,3,4,3,4,3,4,3,3,3,3,3,4,2,3,3,3,3,3,3,3,3,3,3,3,3,3,3,4,4,4,4,4,4,4,4,4,2,3,3,3,4,3,3,4,3,3,3,4,3,4,3,4,4,2,3,3,3,3,3,4,4,3,3,4,3,4,3,4,3,3,3,3,3,3,3,4
"63",1,18.2,4,4,4,4,3,4,4,4,3,2,2,3,3,3,4,3,3,3,4,4,4,4,4,4,2,2,2,3,2,2,4,2,4,4,1,2,1,2,4,NA,4,4,4,4,4,4,4,4,4,4,4,4,4,3,4,4,4,3,4,4,3,3,4,4,4,3,4,4,3,4,3,3,4,4,4,4,4,4,4,4,4,3,4,3,3,3,4,4
"64",2,14.1,3,3,NA,NA,NA,3,NA,NA,4,3,NA,NA,NA,3,NA,NA,3,3,NA,NA,NA,3,NA,NA,3,2,NA,NA,NA,3,NA,NA,2,4,NA,NA,NA,2,NA,NA,4,4,NA,NA,NA,4,NA,NA,3,3,NA,NA,NA,3,NA,NA,3,3,NA,NA,NA,3,NA,NA,3,3,NA,NA,NA,2,NA,NA,3,4,NA,NA,NA,3,NA,NA,3,3,NA,NA,NA,3,NA,NA
"65",1,17.1,NA,NA,2,2,3,3,NA,NA,NA,NA,2,3,2,4,NA,NA,NA,NA,3,4,3,4,NA,NA,NA,NA,2,3,2,4,NA,NA,NA,NA,2,3,2,3,NA,NA,NA,NA,3,4,3,4,NA,NA,NA,NA,2,3,3,3,NA,NA,NA,NA,2,3,3,4,NA,NA,NA,NA,2,3,3,3,NA,NA,NA,NA,3,4,3,4,NA,NA,NA,NA,2,4,3,4,NA,NA
"66",1,12.2,3,4,NA,NA,NA,NA,NA,NA,2,3,NA,NA,NA,NA,NA,NA,3,4,NA,NA,NA,NA,NA,NA,2,3,NA,NA,NA,NA,NA,NA,2,3,NA,NA,NA,NA,NA,NA,3,4,NA,NA,NA,NA,NA,NA,3,4,NA,NA,NA,NA,NA,NA,2,3,NA,NA,NA,NA,NA,NA,2,4,NA,NA,NA,NA,NA,NA,3,4,NA,NA,NA,NA,NA,NA,3,4,NA,NA,NA,NA,NA,NA
"67",1,24.1,4,3,NA,NA,NA,NA,NA,NA,3,2,NA,NA,NA,NA,NA,NA,3,2,NA,NA,NA,NA,NA,NA,3,2,NA,NA,NA,NA,NA,NA,2,2,NA,NA,NA,NA,NA,NA,4,4,NA,NA,NA,NA,NA,NA,3,3,NA,NA,NA,NA,NA,NA,2,2,NA,NA,NA,NA,NA,NA,3,3,NA,NA,NA,NA,NA,NA,4,4,NA,NA,NA,NA,NA,NA,4,3,NA,NA,NA,NA,NA,NA
"68",1,10.4,3,3,4,3,NA,NA,NA,NA,3,4,2,4,NA,NA,NA,NA,3,3,3,3,NA,NA,NA,NA,4,4,3,4,NA,NA,NA,NA,3,3,2,2,NA,NA,NA,NA,4,4,4,4,NA,NA,NA,NA,3,4,4,3,NA,NA,NA,NA,3,3,3,4,NA,NA,NA,NA,3,3,2,4,NA,NA,NA,NA,3,3,3,4,NA,NA,NA,NA,3,4,2,4,NA,NA,NA,NA
"69",1,7.2,3,3,4,3,4,2,NA,NA,2,2,3,3,3,2,NA,NA,2,3,3,4,3,2,NA,NA,2,3,3,4,3,3,NA,NA,2,2,3,3,2,2,NA,NA,4,4,3,4,4,4,NA,NA,3,3,3,3,3,2,NA,NA,2,2,3,3,3,2,NA,NA,3,3,3,3,3,3,NA,NA,3,3,3,4,3,3,NA,NA,3,3,3,3,3,3,NA,NA
"70",1,3.1,2,3,2,2,4,4,NA,NA,2,3,3,3,4,4,NA,NA,2,4,4,4,4,4,NA,NA,3,4,4,4,4,4,NA,NA,3,4,2,4,4,4,NA,NA,4,4,4,4,3,3,NA,NA,3,4,2,4,3,3,NA,NA,3,4,3,3,4,4,NA,NA,3,4,3,4,4,4,NA,NA,3,4,4,4,4,4,NA,NA,2,4,3,3,4,4,NA,NA
"71",1,14.1,3,4,NA,NA,NA,NA,3,4,2,3,NA,NA,NA,NA,3,4,3,3,NA,NA,NA,NA,4,4,3,3,NA,NA,NA,NA,3,4,4,3,NA,NA,NA,NA,4,3,4,4,NA,NA,NA,NA,4,4,4,4,NA,NA,NA,NA,4,4,3,3,NA,NA,NA,NA,4,4,3,4,NA,NA,NA,NA,4,4,4,4,NA,NA,NA,NA,4,4,3,3,NA,NA,NA,NA,4,4
"72",1,3.4,3,4,NA,NA,3,3,NA,NA,4,4,NA,NA,4,3,NA,NA,4,4,NA,NA,4,4,NA,NA,4,4,NA,NA,3,3,NA,NA,4,3,NA,NA,4,3,NA,NA,4,4,NA,NA,4,4,NA,NA,3,4,NA,NA,3,3,NA,NA,4,4,NA,NA,3,4,NA,NA,3,4,NA,NA,2,3,NA,NA,4,4,NA,NA,3,4,NA,NA,4,4,NA,NA,3,4,NA,NA
"73",2,3.2,2,3,NA,NA,2,4,2,2,2,3,NA,NA,2,3,2,2,2,4,NA,NA,2,3,2,2,2,4,NA,NA,3,3,2,2,2,3,NA,NA,2,3,2,2,3,4,NA,NA,3,4,2,2,2,3,NA,NA,2,4,2,2,2,3,NA,NA,2,4,2,2,2,4,NA,NA,2,4,2,2,3,4,NA,NA,3,4,2,2,2,4,NA,NA,2,4,2,2
"74",2,1.1,2,2,NA,NA,2,4,NA,NA,3,3,NA,NA,3,3,NA,NA,3,3,NA,NA,3,4,NA,NA,2,4,NA,NA,2,4,NA,NA,3,3,NA,NA,2,4,NA,NA,3,4,NA,NA,4,4,NA,NA,2,4,NA,NA,3,4,NA,NA,3,3,NA,NA,3,4,NA,NA,1,4,NA,NA,2,4,NA,NA,2,4,NA,NA,2,4,NA,NA,3,3,NA,NA,3,4,NA,NA
"75",1,17.1,4,1,2,4,4,2,3,2,3,3,3,4,4,3,3,4,3,3,3,4,4,3,4,4,2,3,2,3,3,3,3,3,2,2,2,3,3,3,2,2,4,4,4,4,4,3,4,4,3,2,2,4,3,2,4,2,3,3,3,3,3,3,4,3,3,1,2,4,4,1,4,2,4,3,3,4,4,3,4,3,3,3,3,3,3,3,3,4
"76",1,2.1,2,2,2,2,NA,2,NA,NA,3,2,3,3,NA,3,NA,NA,2,3,2,3,NA,4,NA,NA,3,4,2,3,NA,4,NA,NA,3,3,2,4,NA,4,NA,NA,4,4,4,4,NA,4,NA,NA,2,2,2,2,NA,4,NA,NA,3,4,2,3,NA,4,NA,NA,3,3,3,2,NA,3,NA,NA,4,4,4,3,NA,4,NA,NA,2,3,3,3,NA,4,NA,NA
"77",1,7.2,3,3,4,3,4,3,NA,NA,3,3,3,3,3,3,NA,NA,3,3,3,3,3,4,NA,NA,3,3,3,3,3,3,NA,NA,3,3,3,3,3,3,NA,NA,4,4,4,4,4,4,NA,NA,3,4,4,4,3,4,NA,NA,3,3,3,3,3,4,NA,NA,3,3,3,3,3,3,NA,NA,4,4,4,4,3,4,NA,NA,3,4,3,3,3,3,NA,NA
"78",1,12.2,3,2,3,4,3,4,3,4,3,3,3,3,3,3,3,3,3,4,3,4,3,4,3,3,3,3,3,2,3,3,3,3,3,3,3,3,3,4,3,2,4,3,4,4,4,3,4,4,3,2,3,3,3,3,3,3,2,4,3,3,3,3,3,3,3,3,3,4,3,4,3,4,3,4,4,4,3,4,3,4,3,3,3,4,3,3,3,3
"79",1,10.4,2,2,3,2,3,4,NA,NA,2,2,3,2,3,3,NA,NA,3,2,3,2,3,3,NA,NA,3,3,3,3,3,3,NA,NA,2,2,2,3,2,3,NA,NA,4,4,4,3,4,4,NA,NA,2,2,3,3,3,3,NA,NA,2,2,3,3,3,3,NA,NA,2,3,3,4,3,3,NA,NA,4,4,3,4,3,4,NA,NA,3,3,3,3,3,3,NA,NA
"80",1,22.2,3,3,NA,NA,3,4,NA,NA,3,3,NA,NA,3,3,NA,NA,3,3,NA,NA,3,4,NA,NA,3,3,NA,NA,2,4,NA,NA,3,3,NA,NA,3,3,NA,NA,4,4,NA,NA,4,4,NA,NA,2,2,NA,NA,3,4,NA,NA,4,3,NA,NA,3,3,NA,NA,4,2,NA,NA,3,3,NA,NA,4,3,NA,NA,3,3,NA,NA,4,3,NA,NA,3,3,NA,NA
"81",1,15.1,4,2,2,2,4,4,4,4,4,3,3,3,3,3,3,4,3,4,3,3,3,4,3,4,3,3,3,3,3,4,2,4,3,4,3,3,3,4,2,4,3,4,4,4,4,4,4,3,3,3,3,2,4,3,4,4,3,3,4,4,3,4,3,4,3,3,4,4,4,1,3,3,3,4,3,3,4,4,4,3,3,4,3,3,3,4,3,4
"82",2,18.1,3,4,3,4,3,4,4,3,2,3,2,3,3,3,2,3,2,3,3,4,3,4,2,3,2,3,2,3,3,3,3,3,1,2,2,2,2,3,2,3,4,3,3,4,4,4,2,4,3,3,2,3,3,4,2,3,2,4,2,3,2,4,2,3,2,4,2,3,2,4,2,3,3,4,3,4,3,4,3,4,2,3,2,3,3,4,2,3
"83",1,16.2,4,2,NA,NA,3,3,NA,NA,2,3,NA,NA,1,2,NA,NA,3,4,NA,NA,2,3,NA,NA,3,4,NA,NA,1,3,NA,NA,3,2,NA,NA,3,1,NA,NA,4,4,NA,NA,4,4,NA,NA,3,2,NA,NA,3,2,NA,NA,3,3,NA,NA,3,3,NA,NA,3,3,NA,NA,2,4,NA,NA,3,4,NA,NA,3,4,NA,NA,3,2,NA,NA,3,3,NA,NA
"84",1,25.2,3,4,3,3,3,2,3,3,2,3,2,3,2,3,2,4,2,4,2,4,3,4,2,4,3,4,2,4,3,4,3,4,2,4,2,3,2,1,3,3,4,4,4,4,4,4,4,4,2,4,3,3,3,2,3,2,2,3,1,3,2,3,2,3,2,4,2,4,2,4,2,3,3,4,3,4,3,3,3,4,2,4,3,4,3,3,3,4
"85",1,10.3,2,3,NA,NA,NA,NA,NA,NA,1,3,NA,NA,NA,NA,NA,NA,2,3,NA,NA,NA,NA,NA,NA,2,3,NA,NA,NA,NA,NA,NA,2,3,NA,NA,NA,NA,NA,NA,4,4,NA,NA,NA,NA,NA,NA,4,3,NA,NA,NA,NA,NA,NA,3,3,NA,NA,NA,NA,NA,NA,1,4,NA,NA,NA,NA,NA,NA,2,4,NA,NA,NA,NA,NA,NA,2,3,NA,NA,NA,NA,NA,NA
"86",1,10.2,3,3,2,3,3,3,3,3,3,3,3,3,3,3,4,4,3,3,3,3,3,3,4,4,2,3,3,3,3,3,4,3,2,3,3,3,2,3,3,3,3,3,4,3,3,3,4,4,3,3,2,3,3,3,4,3,3,3,3,3,3,3,4,4,3,3,3,3,3,3,4,4,3,3,3,3,3,3,4,4,3,3,3,3,3,3,4,4
"87",1,14.1,2,3,NA,NA,4,2,NA,NA,3,3,NA,NA,3,2,NA,NA,3,3,NA,NA,3,3,NA,NA,2,3,NA,NA,3,2,NA,NA,2,2,NA,NA,2,2,NA,NA,4,4,NA,NA,4,4,NA,NA,2,3,NA,NA,2,3,NA,NA,3,3,NA,NA,3,2,NA,NA,2,4,NA,NA,3,2,NA,NA,3,4,NA,NA,3,3,NA,NA,3,3,NA,NA,3,3,NA,NA
"88",1,7.2,2,3,2,3,2,3,4,3,2,3,2,4,3,4,4,4,2,4,3,4,4,4,4,4,2,3,3,3,4,4,4,3,2,3,4,4,4,3,4,3,3,4,4,4,4,4,4,3,2,2,4,4,4,4,4,3,2,4,3,4,3,4,4,4,2,4,3,4,3,4,2,4,3,4,4,4,4,4,4,4,2,3,3,4,4,4,3,4
"89",1,2.1,NA,NA,3,4,3,2,NA,NA,NA,NA,3,3,3,2,NA,NA,NA,NA,3,3,3,2,NA,NA,NA,NA,2,2,3,3,NA,NA,NA,NA,2,2,3,3,NA,NA,NA,NA,4,3,3,4,NA,NA,NA,NA,2,2,3,2,NA,NA,NA,NA,2,2,3,3,NA,NA,NA,NA,3,3,3,3,NA,NA,NA,NA,3,3,3,3,NA,NA,NA,NA,3,3,3,2,NA,NA
"90",1,18.4,4,3,4,3,NA,NA,NA,NA,3,3,3,3,NA,NA,NA,NA,3,3,4,3,NA,NA,NA,NA,3,3,3,2,NA,NA,NA,NA,2,3,3,3,NA,NA,NA,NA,4,3,3,4,NA,NA,NA,NA,3,3,4,3,NA,NA,NA,NA,3,3,3,3,NA,NA,NA,NA,3,3,3,4,NA,NA,NA,NA,3,4,4,4,NA,NA,NA,NA,3,3,4,3,NA,NA,NA,NA
"91",2,19.3,4,4,3,4,3,3,4,4,2,3,3,3,3,4,3,4,3,3,3,3,2,4,4,4,2,3,2,3,3,3,3,3,2,4,2,3,3,3,4,4,4,4,3,3,4,4,4,4,3,4,3,4,3,4,3,4,2,3,3,3,3,3,3,3,2,4,2,4,3,4,3,4,4,4,3,4,3,4,4,4,3,3,2,3,3,3,4,4
"92",2,16.2,4,3,3,3,4,3,4,4,2,3,3,3,3,3,3,3,2,3,3,3,3,3,3,4,2,3,3,2,3,3,3,3,3,3,3,2,3,1,3,2,3,4,3,4,3,3,3,4,3,3,3,3,3,3,4,4,3,3,3,3,3,3,4,4,4,3,4,3,3,3,4,4,4,4,3,3,3,3,4,4,3,3,3,3,3,3,4,4
"93",2,16.2,2,2,NA,NA,NA,NA,NA,NA,2,2,NA,NA,NA,NA,NA,NA,4,1,NA,NA,NA,NA,NA,NA,2,2,NA,NA,NA,NA,NA,NA,2,2,NA,NA,NA,NA,NA,NA,3,4,NA,NA,NA,NA,NA,NA,3,4,NA,NA,NA,NA,NA,NA,2,4,NA,NA,NA,NA,NA,NA,3,4,NA,NA,NA,NA,NA,NA,3,4,NA,NA,NA,NA,NA,NA,2,2,NA,NA,NA,NA,NA,NA
"94",2,5.2,3,3,NA,NA,NA,NA,3,4,3,2,NA,NA,NA,NA,3,4,3,3,NA,NA,NA,NA,4,4,2,3,NA,NA,NA,NA,4,3,2,2,NA,NA,NA,NA,3,2,4,4,NA,NA,NA,NA,4,4,3,3,NA,NA,NA,NA,2,4,4,3,NA,NA,NA,NA,3,3,2,3,NA,NA,NA,NA,2,4,3,3,NA,NA,NA,NA,3,4,3,2,NA,NA,NA,NA,3,3
"95",2,24.1,4,3,NA,NA,NA,NA,3,2,3,2,NA,NA,NA,NA,3,2,3,1,NA,NA,NA,NA,2,3,2,3,NA,NA,NA,NA,3,3,2,1,NA,NA,NA,NA,2,1,2,4,NA,NA,NA,NA,3,3,2,2,NA,NA,NA,NA,2,2,2,3,NA,NA,NA,NA,3,2,2,4,NA,NA,NA,NA,2,4,3,4,NA,NA,NA,NA,4,4,3,3,NA,NA,NA,NA,3,3
"96",1,13.2,3,3,3,3,NA,NA,NA,NA,3,3,2,2,NA,NA,NA,NA,3,4,2,2,NA,NA,NA,NA,3,4,3,3,NA,NA,NA,NA,3,4,2,3,NA,NA,NA,NA,3,4,3,4,NA,NA,NA,NA,3,3,3,3,NA,NA,NA,NA,3,4,4,3,NA,NA,NA,NA,3,4,3,3,NA,NA,NA,NA,3,4,3,3,NA,NA,NA,NA,3,3,3,3,NA,NA,NA,NA
"97",2,4.1,2,4,4,4,4,4,NA,NA,4,2,3,3,4,3,NA,NA,3,2,3,3,4,3,NA,NA,3,2,2,2,2,3,NA,NA,2,2,3,2,2,3,NA,NA,4,4,3,4,4,4,NA,NA,2,3,2,4,4,4,NA,NA,2,2,3,3,2,4,NA,NA,2,4,2,4,3,2,NA,NA,4,3,3,4,3,4,NA,NA,3,2,2,3,3,3,NA,NA
"98",2,5.2,3,4,NA,4,NA,NA,NA,NA,2,3,NA,3,NA,NA,NA,NA,2,3,NA,3,NA,NA,NA,NA,2,2,NA,3,NA,NA,NA,NA,2,2,NA,3,NA,NA,NA,NA,4,4,NA,3,NA,NA,NA,NA,3,4,NA,4,NA,NA,NA,NA,2,2,NA,3,NA,NA,NA,NA,3,4,NA,4,NA,NA,NA,NA,4,4,NA,4,NA,NA,NA,NA,2,2,NA,3,NA,NA,NA,NA
"99",2,21.1,3,4,4,4,NA,NA,NA,4,2,3,2,4,NA,NA,NA,4,2,4,3,4,NA,NA,NA,4,2,4,3,4,NA,NA,NA,4,3,4,4,4,NA,NA,NA,3,4,4,4,4,NA,NA,NA,4,2,4,3,4,NA,NA,NA,2,3,4,3,4,NA,NA,NA,4,3,4,3,4,NA,NA,NA,4,4,4,3,4,NA,NA,NA,4,4,4,3,4,NA,NA,NA,4
"100",2,11.1,3,4,NA,NA,3,3,NA,NA,3,4,NA,NA,3,3,NA,NA,3,4,NA,NA,3,3,NA,NA,2,4,NA,NA,3,2,NA,NA,3,3,NA,NA,2,2,NA,NA,4,4,NA,NA,4,4,NA,NA,4,4,NA,NA,3,3,NA,NA,3,4,NA,NA,3,3,NA,NA,3,4,NA,NA,3,4,NA,NA,4,4,NA,NA,4,4,NA,NA,3,3,NA,NA,3,3,NA,NA
"101",1,10.4,3,4,NA,NA,3,3,NA,NA,2,3,NA,NA,2,3,NA,NA,3,4,NA,NA,4,2,NA,NA,2,4,NA,NA,2,2,NA,NA,1,4,NA,NA,3,3,NA,NA,3,4,NA,NA,3,3,NA,NA,3,3,NA,NA,3,3,NA,NA,2,4,NA,NA,3,2,NA,NA,2,4,NA,NA,4,3,NA,NA,2,4,NA,NA,3,4,NA,NA,2,4,NA,NA,3,3,NA,NA
"102",1,13.1,3,3,NA,NA,NA,NA,NA,NA,3,3,NA,NA,NA,NA,NA,NA,3,3,NA,NA,NA,NA,NA,NA,4,3,NA,NA,NA,NA,NA,NA,4,3,NA,NA,NA,NA,NA,NA,4,4,NA,NA,NA,NA,NA,NA,3,3,NA,NA,NA,NA,NA,NA,3,3,NA,NA,NA,NA,NA,NA,3,4,NA,NA,NA,NA,NA,NA,4,3,NA,NA,NA,NA,NA,NA,4,3,NA,NA,NA,NA,NA,NA
"103",2,18.2,3,4,NA,NA,NA,NA,NA,NA,3,4,NA,NA,NA,NA,NA,NA,3,4,NA,NA,NA,NA,NA,NA,1,1,NA,NA,NA,NA,NA,NA,1,3,NA,NA,NA,NA,NA,NA,4,4,NA,NA,NA,NA,NA,NA,4,4,NA,NA,NA,NA,NA,NA,3,4,NA,NA,NA,NA,NA,NA,3,4,NA,NA,NA,NA,NA,NA,4,4,NA,NA,NA,NA,NA,NA,3,4,NA,NA,NA,NA,NA,NA
"104",2,3.2,NA,NA,NA,NA,NA,NA,NA,NA,NA,NA,NA,NA,NA,NA,NA,NA,NA,NA,NA,NA,NA,NA,NA,NA,NA,NA,NA,NA,NA,NA,NA,NA,NA,NA,NA,NA,NA,NA,NA,NA,NA,NA,NA,NA,NA,NA,NA,NA,NA,NA,NA,NA,NA,NA,NA,NA,NA,NA,NA,NA,NA,NA,NA,NA,NA,NA,NA,NA,NA,NA,NA,NA,NA,NA,NA,NA,NA,NA,NA,NA,NA,NA,NA,NA,NA,NA,NA,NA
"105",1,7.1,4,4,3,4,3,4,4,4,3,3,3,3,3,3,4,3,4,3,4,3,4,4,4,3,3,2,4,2,4,3,4,4,3,2,4,2,3,3,4,3,4,4,4,4,4,4,4,4,4,3,4,3,4,4,4,4,4,3,3,2,3,4,4,4,3,3,3,4,3,4,3,4,4,4,4,4,3,4,4,4,3,3,4,3,4,4,4,4
"106",1,7.2,4,2,NA,NA,3,3,NA,NA,2,2,NA,NA,3,3,NA,NA,4,3,NA,NA,4,3,NA,NA,3,4,NA,NA,3,4,NA,NA,3,4,NA,NA,3,4,NA,NA,4,4,NA,NA,4,4,NA,NA,4,2,NA,NA,4,3,NA,NA,3,3,NA,NA,4,3,NA,NA,4,3,NA,NA,4,3,NA,NA,4,3,NA,NA,4,3,NA,NA,3,3,NA,NA,3,4,NA,NA
"107",1,15.1,4,3,4,3,4,3,3,4,3,3,3,3,3,2,3,3,3,3,3,4,4,3,4,4,3,4,4,3,4,4,4,2,3,2,3,3,4,2,3,2,4,3,4,4,4,4,4,4,4,2,4,3,4,3,4,3,3,3,4,3,4,3,3,3,4,3,4,3,3,4,3,4,4,3,4,3,4,4,4,4,3,3,3,3,3,3,3,3
"108",1,5.2,3,4,NA,NA,NA,NA,NA,NA,3,3,NA,NA,NA,NA,NA,NA,3,3,NA,NA,NA,NA,NA,NA,3,3,NA,NA,NA,NA,NA,NA,3,3,NA,NA,NA,NA,NA,NA,4,4,NA,NA,NA,NA,NA,NA,3,4,NA,NA,NA,NA,NA,NA,3,4,NA,NA,NA,NA,NA,NA,3,4,NA,NA,NA,NA,NA,NA,4,4,NA,NA,NA,NA,NA,NA,3,4,NA,NA,NA,NA,NA,NA
"109",1,5.1,3,3,NA,NA,NA,NA,NA,NA,4,2,NA,NA,NA,NA,NA,NA,4,2,NA,NA,NA,NA,NA,NA,3,3,NA,NA,NA,NA,NA,NA,3,2,NA,NA,NA,NA,NA,NA,3,4,NA,NA,NA,NA,NA,NA,3,4,NA,NA,NA,NA,NA,NA,4,2,NA,NA,NA,NA,NA,NA,3,3,NA,NA,NA,NA,NA,NA,3,3.62015394073499,NA,NA,NA,NA,NA,NA,4,3,NA,NA,NA,NA,NA,NA
"110",2,11.1,2,3,2,4,2,4,NA,NA,2,2,2,3,3,3,NA,NA,2,2,3,4,3,3,NA,NA,3,3,2,2,3,4,NA,NA,3,2,2,2,3,3,NA,NA,4,4,4,4,4,4,NA,NA,2,3,2,4,2,4,NA,NA,2,3,3,3,3,3,NA,NA,2,4,3,4,2,4,NA,NA,3,4,2,4,3,3,NA,NA,2,3,2,3,3,3,NA,NA
"111",1,10.4,2,3,NA,NA,3,3,3,4,3,3,NA,NA,3,3,3,3,3,3,NA,NA,3,3,3,4,3,3,NA,NA,2,3,3,3,3,2,NA,NA,3,2,3,2,4,4,NA,NA,4,4,4,4,2,3,NA,NA,3,3,3,4,3,3,NA,NA,3,3,3,4,2,3,NA,NA,3,3,3,4,4,4,NA,NA,3,3,3,4,3,4,NA,NA,3,3,3,4
"112",2,18.2,4,3,NA,NA,NA,NA,NA,NA,3,3,NA,NA,NA,NA,NA,NA,2,3,NA,NA,NA,NA,NA,NA,1,3,NA,NA,NA,NA,NA,NA,2,3,NA,NA,NA,NA,NA,NA,4,3,NA,NA,NA,NA,NA,NA,2,2,NA,NA,NA,NA,NA,NA,3,3,NA,NA,NA,NA,NA,NA,3,3,NA,NA,NA,NA,NA,NA,4,4,NA,NA,NA,NA,NA,NA,3,3,NA,NA,NA,NA,NA,NA
"113",2,18.1,2,2,3,4,3,4,3,4,3,2,3,4,2,3,3,4,2,4,4,4,2,3,2,4,4,3,3,3,2,4,4,4,2,2,3,3,2,3,3,3,4,4,3,4.09519511324462,4,4,4,4,3,4,3,4,4,4,4,4,3,4,3,3,2,4,3,3,2,4,3,4,2,3,4,4,4,4,4,4,4,4,3,4,4,3,4,3,3,3,4,4
"114",2,18.1,2,4,NA,NA,4,4,2,4,2,4,NA,NA,4,4,2,4,2,4,NA,NA,4,4,3,4,2,4,NA,NA,4,4,2,4,2,4,NA,NA,4,4,2,2,3,4,NA,NA,2,4,4,4,2,4,NA,NA,4,4,2,4,2,4,NA,NA,4,4,2,4,2,4,NA,NA,3,4,2,4,3,4,NA,NA,4,4,3,4,2,4,NA,NA,4,4,2,4
"115",1,3.1,4,3,NA,NA,4,4,NA,NA,3,3,NA,NA,3,3,NA,NA,3,4,NA,NA,3,3,NA,NA,3,2,NA,NA,4,3,NA,NA,3,2,NA,NA,4,3,NA,NA,4,4,NA,NA,3,4,NA,NA,4,3,NA,NA,3,4,NA,NA,3,2,NA,NA,4,3,NA,NA,2,4,NA,NA,3,4,NA,NA,3,3,NA,NA,3,4,NA,NA,3,3,NA,NA,3,4,NA,NA
"116",2,14.1,3,3,NA,NA,NA,NA,NA,NA,3,3,NA,NA,NA,NA,NA,NA,3,4,NA,NA,NA,NA,NA,NA,2,3,NA,NA,NA,NA,NA,NA,2,2,NA,NA,NA,NA,NA,NA,4,4,NA,NA,NA,NA,NA,NA,3,3,NA,NA,NA,NA,NA,NA,3,4,NA,NA,NA,NA,NA,NA,3,4,NA,NA,NA,NA,NA,NA,3,4,NA,NA,NA,NA,NA,NA,2,3,NA,NA,NA,NA,NA,NA
"117",2,14.1,4,4,NA,NA,NA,NA,3,3,2,3,NA,NA,NA,NA,3,3,4,4,NA,NA,NA,NA,3,3,4,4,NA,NA,NA,NA,3,3,3,4,NA,NA,NA,NA,4,4,4,4,NA,NA,NA,NA,3,3,4,4,NA,NA,NA,NA,3,3,4,1,NA,NA,NA,NA,4,4,3,4,NA,NA,NA,NA,2,2,4,4,NA,NA,NA,NA,4,4,4,3,NA,NA,NA,NA,4,4
"118",2,18.4,3,2,3,3,NA,NA,NA,NA,2,2,2,2,NA,NA,NA,NA,4,2,4,4,NA,NA,NA,NA,2,2,3,3,NA,NA,NA,NA,2,2,2,3,NA,NA,NA,NA,3,3,4,3,NA,NA,NA,NA,3,2,3,4,NA,NA,NA,NA,2,2,2,3,NA,NA,NA,NA,2,2,3,4,NA,NA,NA,NA,3,3,4,3,NA,NA,NA,NA,2,2,3,3,NA,NA,NA,NA
"119",2,5.2,2,3,2,3,NA,NA,2,4,3,3,3,3,NA,NA,2,3,3,2,3,3,NA,NA,3,4,3,3,3,3,NA,NA,2,3,1,3,2,3,NA,NA,3,2,4,4,3.61168831145811,4,NA,NA,4,4,2,3,2,3,NA,NA,2,3,3,2,3,3,NA,NA,2,4,2,4,2,3,NA,NA,2,4,4,4,3,3,NA,NA,4,4,3,3,3,3,NA,NA,4,3
"120",1,10.1,3,2,NA,NA,NA,NA,NA,NA,2,2,NA,NA,NA,NA,NA,NA,2,3,NA,NA,NA,NA,NA,NA,3,3,NA,NA,NA,NA,NA,NA,3,2,NA,NA,NA,NA,NA,NA,3,4,NA,NA,NA,NA,NA,NA,2,2,NA,NA,NA,NA,NA,NA,2,2,NA,NA,NA,NA,NA,NA,3,4,NA,NA,NA,NA,NA,NA,3,4,NA,NA,NA,NA,NA,NA,2,3,NA,NA,NA,NA,NA,NA
"121",2,13.2,3,4,3,4,3,4,NA,NA,3,4,3,3,3,3,NA,NA,4,4,3,4,3,4,NA,NA,3,3,3,4,3,4,NA,NA,3,3,3,4,4,3,NA,NA,4,4,4,4,4,4,NA,NA,3,4,4,4,4,4,NA,NA,3,4,3,4,3,4,NA,NA,3,4,3,4,3,4,NA,NA,4,4,4,4,4,4,NA,NA,3,4,3,4,3,4,NA,NA
"122",2,3.3,2,3,NA,NA,NA,NA,NA,NA,2,3,NA,NA,NA,NA,NA,NA,2,3,NA,NA,NA,NA,NA,NA,2,2,NA,NA,NA,NA,NA,NA,2,1,NA,NA,NA,NA,NA,NA,2,4,NA,NA,NA,NA,NA,NA,2,3,NA,NA,NA,NA,NA,NA,2,3,NA,NA,NA,NA,NA,NA,2,1,NA,NA,NA,NA,NA,NA,2,4,NA,NA,NA,NA,NA,NA,2,3,NA,NA,NA,NA,NA,NA
"123",1,15.1,2,3,2,3,NA,3,NA,NA,1,2,2,3,NA,3,NA,NA,1,2,3,3,NA,3,NA,NA,3,3,2,2,NA,2,NA,NA,2,3,3,2,NA,3,NA,NA,4,4,4,3,NA,3,NA,NA,2,3,2,2,NA,3,NA,NA,2,3,2,3,NA,3,NA,NA,2,3,3,4,NA,3,NA,NA,3,4,4,3,NA,3,NA,NA,2,3,2,3,NA,2,NA,NA
"124",1,7.2,4,4,4,3,3,4,4,4,2,2,3,2,3,2,3,3,1,1,3,2,2,3,2,2,2,2,4,1,3,4,2,2,2,2,2,2,1,2,2,1,4,4,4,4,4,4,4,4,4,3,3,3,2,3,2,2,2,2,3,2,2,2,2,2,3,3,4,3,2,3,2,2,3,3,4,3,3,4,3,4,2,2,3,3,2,3,4,3
"125",1,1.1,3,3,NA,NA,3,4,NA,NA,3,3,NA,NA,3,2,NA,NA,3,3,NA,NA,3,3,NA,NA,3,3,NA,NA,3,3,NA,NA,2,2,NA,NA,3,3,NA,NA,4,4,NA,NA,4,4,NA,NA,3,3,NA,NA,3,4,NA,NA,3,2,NA,NA,3,3,NA,NA,3,3,NA,NA,2,4,NA,NA,4,4,NA,NA,3,4,NA,NA,3,3,NA,NA,3,4,NA,NA
"126",1,7.2,3,3,3,3,4,3,4,4,3,3,3,3,3,3,3,4,3,4,3,3,3,3,3,4,2,3,2,3,3,3,2,4,3,3,2,3,3,3,4,3,4,3,3,3,4,3,4,4,3,3,2,3,3,3,3,4,2,3,3,3,3,3,3,2,2,3,3,3,3,3,3,4,3,4,3,3,3,3,3,4,3,3,2,3,3,3,3,4
"127",2,11.1,2,3,3,3,2,2,NA,NA,2,2,3,3,2,2,NA,NA,3,2,3,3,3,3,NA,NA,3,2,3,3,3,3,NA,NA,3,3,3,3,4,2,NA,NA,3,4,3,2,3,4,NA,NA,2,2,3,3,2,2,NA,NA,2,2,3,3,2,2,NA,NA,2,3,3,3,2,3,NA,NA,3,3,3,3,3,3,NA,NA,2,3,3,3,2,3,NA,NA
"128",2,10.4,3,4,NA,NA,NA,NA,NA,NA,1,2,NA,NA,NA,NA,NA,NA,2,3,NA,NA,NA,NA,NA,NA,2,3,NA,NA,NA,NA,NA,NA,2,4,NA,NA,NA,NA,NA,NA,4,4,NA,NA,NA,NA,NA,NA,4,4,NA,NA,NA,NA,NA,NA,2,2,NA,NA,NA,NA,NA,NA,3,4,NA,NA,NA,NA,NA,NA,4,4,NA,NA,NA,NA,NA,NA,2,3,NA,NA,NA,NA,NA,NA
"129",2,8.2,4,4,NA,NA,NA,NA,NA,NA,3,3,NA,NA,NA,NA,NA,NA,3,3,NA,NA,NA,NA,NA,NA,2,3,NA,NA,NA,NA,NA,NA,2,3,NA,NA,NA,NA,NA,NA,3,4,NA,NA,NA,NA,NA,NA,3,2,NA,NA,NA,NA,NA,NA,3,3,NA,NA,NA,NA,NA,NA,3,3,NA,NA,NA,NA,NA,NA,3,4,NA,NA,NA,NA,NA,NA,3,3,NA,NA,NA,NA,NA,NA
"130",1,13.1,2,2,NA,2,NA,2,NA,NA,2,2,NA,1,NA,2,NA,NA,2,4,NA,2,NA,2,NA,NA,3,2,NA,3,NA,2,NA,NA,3,2,NA,1,NA,1,NA,NA,4,4,NA,4,NA,4,NA,NA,2,2,NA,2,NA,2,NA,NA,2,2,NA,2,NA,2,NA,NA,2,2,NA,3,NA,3,NA,NA,3,3,NA,3,NA,3,NA,NA,2,2,NA,2,NA,2,NA,NA
"131",1,3.4,4,3,NA,NA,NA,NA,NA,NA,3,3,NA,NA,NA,NA,NA,NA,4,3,NA,NA,NA,NA,NA,NA,3,4,NA,NA,NA,NA,NA,NA,2,2,NA,NA,NA,NA,NA,NA,4,4,NA,NA,NA,NA,NA,NA,3,3,NA,NA,NA,NA,NA,NA,3,3,NA,NA,NA,NA,NA,NA,2,3,NA,NA,NA,NA,NA,NA,4,4,NA,NA,NA,NA,NA,NA,3,3,NA,NA,NA,NA,NA,NA
"132",1,5.1,3,3,3,3,3,3,NA,NA,2,2,3,3,3,3,NA,NA,2,2,3,4,3,3,NA,NA,2,2,3,3,3,3,NA,NA,3,2,3,3,2,3,NA,NA,4,3,4,3,3,4,NA,NA,3,3,3,3,3,3,NA,NA,3,2,2,3,2,3,NA,NA,3,2,3,3,2,3,NA,NA,3,3,3,3,2,3,NA,NA,3,3,3,3,2,3,NA,NA
"133",2,22.2,4,4,NA,NA,4,4,NA,NA,3,3,NA,NA,3,2,NA,NA,2,2,NA,NA,3,4,NA,NA,3,3,NA,NA,2,3,NA,NA,1,1,NA,NA,3,3,NA,NA,4,4,NA,NA,4,4,NA,NA,4,4,NA,NA,3,2,NA,NA,4,4,NA,NA,2,2,NA,NA,4,4,NA,NA,4,4,NA,NA,3,3,NA,NA,4,4,NA,NA,2,2,NA,NA,3,2,NA,NA
"134",1,14.1,3,3,NA,NA,3,3,NA,NA,2,3,NA,NA,2,3,NA,NA,4,3,NA,NA,3,4,NA,NA,3,3,NA,NA,3,3,NA,NA,3,3,NA,NA,2,2,NA,NA,4,4,NA,NA,4,4,NA,NA,3,2,NA,NA,3,4,NA,NA,3,2,NA,NA,3,3,NA,NA,3,2,NA,NA,2,3,NA,NA,4,3,NA,NA,4,4,NA,NA,4,3,NA,NA,3,3,NA,NA
"135",2,5.2,3,2,NA,NA,NA,NA,NA,NA,4,3,NA,NA,NA,NA,NA,NA,4,3,NA,NA,NA,NA,NA,NA,3,3,NA,NA,NA,NA,NA,NA,4,4,NA,NA,NA,NA,NA,NA,4,4,NA,NA,NA,NA,NA,NA,3,3,NA,NA,NA,NA,NA,NA,4,3,NA,NA,NA,NA,NA,NA,3,4,NA,NA,NA,NA,NA,NA,4,4,NA,NA,NA,NA,NA,NA,4,3,NA,NA,NA,NA,NA,NA
"136",2,12.1,4,3,3,3,4,3,4,3,3,3,3,3,3,3,4,4,4,3,4,3,3,4,4,4,4,3,3,3,3,3,2,4,4,4,2,3,2,3,2,4,4,4,4,4,4,4,4,4,4,3,3,3,4,3,4,3,4,3,3,3,3,3,4,4,3,3,3,3,3,3,2,4,4,4,3,4,3,4,4,4,3,3,3,3,3,3,4,4
"137",2,23.1,3,3,NA,NA,3,3,3,4,3,4,NA,NA,3,3,2,4,2,4,NA,NA,3,3,3,4,3,4,NA,NA,2,3,2,3,1,1,NA,NA,3,3,3,3,3,4,NA,NA,4,3,3,NA,3,3,NA,NA,3,2,2,3,3,3,NA,NA,2,3,2,4,3,4,NA,NA,3,3,2,3,3,4,NA,NA,4,3,3,4,3,3,NA,NA,3,3,4,4
"138",2,11.2,3,2,NA,NA,NA,NA,NA,NA,2,4,NA,NA,NA,NA,NA,NA,3,4,NA,NA,NA,NA,NA,NA,3,3,NA,NA,NA,NA,NA,NA,2,2,NA,NA,NA,NA,NA,NA,4,4,NA,NA,NA,NA,NA,NA,3,3,NA,NA,NA,NA,NA,NA,3,3,NA,NA,NA,NA,NA,NA,3,4,NA,NA,NA,NA,NA,NA,3,4,NA,NA,NA,NA,NA,NA,3,4,NA,NA,NA,NA,NA,NA
"139",2,7.1,4,3,3,3,NA,NA,NA,NA,3,3,3,3,NA,NA,NA,NA,4,4,3,3,NA,NA,NA,NA,3,3,3,3,NA,NA,NA,NA,2,4,2,4,NA,NA,NA,NA,4,4,4,4,NA,NA,NA,NA,3,3,3,3,NA,NA,NA,NA,3,4,3,3,NA,NA,NA,NA,3,4,3,3,NA,NA,NA,NA,4,4,4,4,NA,NA,NA,NA,3,4,3,3,NA,NA,NA,NA
"140",2,5.2,3,3,3,3,NA,NA,NA,NA,2,2,3,3,NA,NA,NA,NA,2,3,3,4,NA,NA,NA,NA,3,4,3,3,NA,NA,NA,NA,2,3,3,2,NA,NA,NA,NA,4,4,4,4,NA,NA,NA,NA,3,3,3,3,NA,NA,NA,NA,2,3,3,3,NA,NA,NA,NA,3,4,3,4,NA,NA,NA,NA,4,4,4,4,NA,NA,NA,NA,4,3,3,3,NA,NA,NA,NA
"141",2,20.1,3,4,3,3,3,3,NA,NA,2,4,2,3,3,3,NA,NA,3,3,4,3,3,3,NA,NA,2,3,3,3,3,3,NA,NA,3,3,3,3,4,3,NA,NA,4,4,4,4,4,4,NA,NA,3,4,3,3,3,3,NA,NA,3,3,2,3,3,3,NA,NA,2,4,3,4,3,3,NA,NA,3,4,3,4,4,3,NA,NA,3,4,3,3,3,3,NA,NA
"142",1,4.1,3,3,NA,NA,NA,NA,NA,NA,4,3,NA,NA,NA,NA,NA,NA,4,3,NA,NA,NA,NA,NA,NA,3,2,NA,NA,NA,NA,NA,NA,4,3,NA,NA,NA,NA,NA,NA,4,4,NA,NA,NA,NA,NA,NA,4,3,NA,NA,NA,NA,NA,NA,4,3,NA,NA,NA,NA,NA,NA,3,4,NA,NA,NA,NA,NA,NA,4,4,NA,NA,NA,NA,NA,NA,4,3,NA,NA,NA,NA,NA,NA
"143",2,10.4,3,3,NA,NA,3,3,NA,NA,2,3,NA,NA,3,2,NA,NA,2,4,NA,NA,3,3,NA,NA,3,2,NA,NA,3,3,NA,NA,3,3,NA,NA,3,2,NA,NA,4,4,NA,NA,3,3,NA,NA,3,3,NA,NA,3,3,NA,NA,3,3,NA,NA,3,2,NA,NA,2,3,NA,NA,2,2,NA,NA,3,4,NA,NA,3,3,NA,NA,3,3,NA,NA,3,3,NA,NA
"144",1,25.1,3,3,2,4,NA,NA,3,3,3,4,3,4,NA,NA,2,4,4,4,3,4,NA,NA,4,4,3,3,3,3,NA,NA,3,4,3,2,3,2,NA,NA,3,2,4,4,4,3,NA,NA,4,4,3,2,3,3,NA,NA,3,2,3,3,3,3,NA,NA,3,3,3,3,3,3,NA,NA,3,4,3,3,3,3,NA,NA,3,4,3,3,3,3,NA,NA,3,4
"145",2,14.1,3,4,NA,NA,NA,NA,4,4,3,3,NA,NA,NA,NA,3,4,3,4,NA,NA,NA,NA,4,4,4,3,NA,NA,NA,NA,3,4,3,4,NA,NA,NA,NA,2,4,4,4,NA,NA,NA,NA,4,4,3,3,NA,NA,NA,NA,3,4,4,3,NA,NA,NA,NA,2,4,3,3,NA,NA,NA,NA,3,3,4,4,NA,NA,NA,NA,4,4,3,4,NA,NA,NA,NA,3,4
"146",2,12.1,3,4,NA,NA,NA,NA,NA,NA,3,2,NA,NA,NA,NA,NA,NA,3,4,NA,NA,NA,NA,NA,NA,2,4,NA,NA,NA,NA,NA,NA,2,4,NA,NA,NA,NA,NA,NA,4,4,NA,NA,NA,NA,NA,NA,4,4,NA,NA,NA,NA,NA,NA,3,2,NA,NA,NA,NA,NA,NA,3,4,NA,NA,NA,NA,NA,NA,4,4,NA,NA,NA,NA,NA,NA,4,4,NA,NA,NA,NA,NA,NA
"147",1,5.2,3,4,NA,NA,1,3,NA,NA,3,3,NA,NA,3,2,NA,NA,3,2,NA,NA,2,3,NA,NA,3,2,NA,NA,3,2,NA,NA,3,3,NA,NA,2,2,NA,NA,2,3,NA,NA,4,3,NA,NA,3,3,NA,NA,2,3,NA,NA,3,2,NA,NA,2,2,NA,NA,2,3,NA,NA,3,4,NA,NA,3,4,NA,NA,3,3,NA,NA,2,3,NA,NA,3,3,NA,NA
"148",2,15.1,4,4,3,4,NA,NA,4,4,3,3,3,3,NA,NA,3,4,3,3,3,4,NA,NA,3,4,3,2,3,2,NA,NA,3,4,3,2,2,2,NA,NA,3,3,4,3,4,4,NA,NA,4,4,3,3,3,4,NA,NA,4,2,3,3,3,3,NA,NA,3,3,4,3,3,4,NA,NA,4,4,4,3,4,4,NA,NA,4,4,4,3,4,4,NA,NA,3,4
"149",2,13.2,4,4,4,4,3,4,4,4,3,3,3,3,3,3,4,3,3,3,4,3,4,4,4,3,3,3,3,3,3,4,4,2,3,2,3,3,3,3,4,2,3,4,3,4,3,4,3,4,3,4,3,3,3,4,4,4,3,3,3,3,3,3,4,3,3,2,3,3,3,4,3,3,4,4,4,4,4,4,4,4,3,3,3,3,3,4,4,3
"150",2,16.1,1,3,NA,NA,3,3,NA,NA,2,3,NA,NA,2,3,NA,NA,3,3,NA,NA,3,3,NA,NA,2,3,NA,NA,3,3,NA,NA,3,3,NA,NA,2,3,NA,NA,3,4,NA,NA,4,4,NA,NA,3,3,NA,NA,3,4,NA,NA,2,3,NA,NA,2,3,NA,NA,3,3,NA,NA,4,4,NA,NA,3,3,NA,NA,4,4,NA,NA,2,3,NA,NA,3,3,NA,NA
"151",2,7.2,3,2,4,4,3,1,4,3,3,2,3,4,3,1,4,3,3,2,3,4,3,1,4,3,3,2,2,3,3,2,3,3,3,4,2,3,3,2,4,3,3,4,3,3,4,4,4,4,3,4,2,2,3,1,4,3,3,4,3,3,4,3,4,3,4,3,3,3,3,3,4,4,4,4,3,3,4,3,4,4,3,3,3,3,4,2,4,3
"152",2,10.3,3,4,NA,NA,NA,NA,NA,NA,3,3,NA,NA,NA,NA,NA,NA,3,2,NA,NA,NA,NA,NA,NA,3,3,NA,NA,NA,NA,NA,NA,3,3,NA,NA,NA,NA,NA,NA,4,4,NA,NA,NA,NA,NA,NA,3,3,NA,NA,NA,NA,NA,NA,3,3,NA,NA,NA,NA,NA,NA,2,4,NA,NA,NA,NA,NA,NA,4,4,NA,NA,NA,NA,NA,NA,3,3,NA,NA,NA,NA,NA,NA
"153",2,2.1,NA,NA,NA,NA,3,4,NA,4,NA,NA,NA,NA,2,4,NA,2,NA,NA,NA,NA,3,4,NA,4,NA,NA,NA,NA,3,4,NA,2,NA,NA,NA,NA,4,4,NA,2,NA,NA,NA,NA,4,4,NA,4,NA,NA,NA,NA,3,4,NA,4,NA,NA,NA,NA,3,4,NA,2,NA,NA,NA,NA,4,4,NA,3,NA,NA,NA,NA,4,4,NA,3,NA,NA,NA,NA,3,4,NA,3
"154",2,12.2,3,4,NA,NA,NA,NA,4,NA,3,3,NA,NA,NA,NA,4,NA,2,3,NA,NA,NA,NA,4,NA,2,3,NA,NA,NA,NA,4,NA,3,2,NA,NA,NA,NA,3,NA,4,4,NA,NA,NA,NA,4,NA,3,3,NA,NA,NA,NA,4,NA,3,3,NA,NA,NA,NA,4,NA,3,4,NA,NA,NA,NA,4,NA,3,4,NA,NA,NA,NA,4,NA,3,3,NA,NA,NA,NA,4,NA
"155",2,16.1,3,3,NA,NA,3,3,NA,NA,3,3,NA,NA,3,3,NA,NA,3,3,NA,NA,4,4,NA,NA,3,3,NA,NA,3,2,NA,NA,3,3,NA,NA,3,2,NA,NA,4,4,NA,NA,4,3,NA,NA,3,4,NA,NA,3,3,NA,NA,3,3,NA,NA,3,3,NA,NA,3,3,NA,NA,3,3,NA,NA,3,4,NA,NA,3,3,NA,NA,3,3,NA,NA,3,3,NA,NA
"156",2,8.1,3,2,4,3,NA,3,4,3,2,3,4,3,NA,3,3,4,2,3,4,3,NA,3,4,4,3,2,3.57860399779217,2,NA,4,3,4,4,2,3,2,NA,3,3,4,4,4,4,4,NA,4,4,4,4,4,4,4,NA,4,3,4,3,4,4,2,NA,3,3,3,3,2,4,3,NA,4,2,4,4,3,1,4,NA,4,3,4,4,3,3,2,NA,3,3,4
"157",2,21.1,2,3,2,3,2,4,3,4,2,3,2,3,2,4,2,4,2,3,2,3,2,4,2,4,2,2,2,3,2,4,2,4,2,3,2,3,2,4,2,4,3,4,2,4,3,4,2,4,2,3,2,3,2,3,2,4,2,3,3,3,3,3,2,3,2,3,3,3,2,3,2,4,3,3,3,4,3,3,2,4,2,3,2,3,2,3,2,4
"158",2,13.1,3,3,3,3,3,4,NA,NA,2,2,2,3,3,3,NA,NA,4,4,3,3,3,4,NA,NA,3,3,3,3,2,3,NA,NA,3,4,3,2,3,4,NA,NA,4,3,4,3,4,3,NA,NA,3,2,3,3,3,3,NA,NA,3,3,2,3,3,4,NA,NA,2,3,3,4,3,4,NA,NA,3,3,3,3,3,3,NA,NA,3,3,3,3,3,3,NA,NA
"159",1,22.1,3,3,3,4,3,2,3,1,2,2,2,2,2,2,2,2,3,2,2,3,3,4,3,4,2,4,2,4,2,4,2,2,2,2,2,3,3,4,3,2,4,4,3,4,4,4,4,4,3,2,3,2,3,2,3,4,3,3,2,1,2,3,3,2,4,4,3,3,3,2,4,1,2,4,3,3,3,4,3,2,2,3,2,3,3,3,2,2
"160",2,19.1,2,3,3,2,2,3,3,2,2,2,3,2,3,3,2,3,2,3,3,3,3,3,3,4,3,2,3,3,2,3,3,4,2,2,3,2,3,3,2,2,4,4,4,4,3,4,3,4,2,2,3,2,3,3,3,2,2,3,3,3,3,3,2,3,2,4,3,3,3,4,2,4,3,4,3,3,3,3,2,4,2,3,2,3,2,3,3,4
"161",1,13.1,2,3,3,3,4,4,NA,NA,3,3,3,3,3,3,NA,NA,3,3,3,3,3,3,NA,NA,2,3,3,3,3,3,NA,NA,2,3,2,2,2,3,NA,NA,4,4,4,4,4,3,NA,NA,2,3,3,3,3,3,NA,NA,2,3,2,3,3,3,NA,NA,2,3,3,4,3,4,NA,NA,2,4,4,4,4,4,NA,NA,2,3,3,3,3,3,NA,NA
"162",1,14.1,2,2,NA,NA,NA,NA,NA,NA,3,3,NA,NA,NA,NA,NA,NA,3,3,NA,NA,NA,NA,NA,NA,4,3,NA,NA,NA,NA,NA,NA,4,3,NA,NA,NA,NA,NA,NA,4,4,NA,NA,NA,NA,NA,NA,2,2,NA,NA,NA,NA,NA,NA,4,3,NA,NA,NA,NA,NA,NA,3,4,NA,NA,NA,NA,NA,NA,4,4,NA,NA,NA,NA,NA,NA,3,3,NA,NA,NA,NA,NA,NA
"163",2,13.2,3,4,NA,3,NA,NA,NA,NA,3,4,NA,4,NA,NA,NA,NA,3,4,NA,4,NA,NA,NA,NA,4,3,NA,4,NA,NA,NA,NA,3,3,NA,4,NA,NA,NA,NA,4,4,NA,4,NA,NA,NA,NA,4,3,NA,4,NA,NA,NA,NA,3,4,NA,4,NA,NA,NA,NA,3,4,NA,4,NA,NA,NA,NA,4,4,NA,4,NA,NA,NA,NA,3,4,NA,4,NA,NA,NA,NA
"164",1,18.2,3,4,4,4,4,4,NA,NA,2,3,3,3,3,3,NA,NA,4,4,3,4,3,4,NA,NA,4,3,3,4,2,2,NA,NA,3,4,1,3,3,1,NA,NA,4,4,4,4,4,4,NA,NA,3,4,3,4,3,4,NA,NA,3,4,3,3,3,4,NA,NA,4,4,3,4,3,4,NA,NA,4,4,4,4,3,4,NA,NA,3,3,3,4,3,4,NA,NA
"165",1,19.2,3,4,NA,NA,NA,NA,3,2,2,3,NA,NA,NA,NA,3,3,4,4,NA,NA,NA,NA,4,4,3,3,NA,NA,NA,NA,4,4,3,4,NA,NA,NA,NA,3,4,4,4,NA,NA,NA,NA,3,3,3,3,NA,NA,NA,NA,3,3,3,4,NA,NA,NA,NA,3,4,3,3,NA,NA,NA,NA,4,4,3,4,NA,NA,NA,NA,3,4,3,3,NA,NA,NA,NA,3,4
"166",1,19.2,3,3,NA,NA,3,3,3,4,2,2,NA,NA,3,2,3,3,2,3,NA,NA,3,3,3,4,2,2,NA,NA,2,3,2,2,2,3,NA,NA,2,3,2,3,4,3,NA,NA,4,4,3,4,2,3,NA,NA,3,4,2,4,2,3,NA,NA,2,3,2,3,2,3,NA,NA,2,4,2,3,3,3,NA,NA,3,4,3,4,2,3,NA,NA,2,3,2,4
"167",1,18.1,4,3,3,4,4,4,NA,NA,3,3,3,3,3,3,NA,NA,4,3,3,3,3,3,NA,NA,4,2,4,2,3,4,NA,NA,3,2,4,2,3,2,NA,NA,4,4,4,3,4,4,NA,NA,3,3,4,4,4,2,NA,NA,3,3,3,3,3,3,NA,NA,3,2,3,3,4,4,NA,NA,4,3,4,3,4,3,NA,NA,3,3,4,3,3,3,NA,NA
"168",1,10.4,2,4,NA,NA,3,3,3,3,2,2,NA,NA,3,3,3,3,3,4,NA,NA,3,3,4,3,3,2,NA,NA,3,3,3,2,3,3,NA,NA,3,4,3,3,3,3.96845407056294,NA,NA,3,4,4,4,2,4,NA,NA,2,3,3,3,3,2,NA,NA,3,3,3,4,3,3,NA,NA,3,3,3,4,3,4,NA,NA,4,4,4,4,3,3,NA,NA,3,4,3,4
"169",2,13.1,3,3,NA,NA,NA,NA,NA,NA,3,3,NA,NA,NA,NA,NA,NA,2,2,NA,NA,NA,NA,NA,NA,2,3,NA,NA,NA,NA,NA,NA,3,2,NA,NA,NA,NA,NA,NA,4,4,NA,NA,NA,NA,NA,NA,3,3,NA,NA,NA,NA,NA,NA,3,3,NA,NA,NA,NA,NA,NA,3,3,NA,NA,NA,NA,NA,NA,4,3,NA,NA,NA,NA,NA,NA,3,3,NA,NA,NA,NA,NA,NA
"170",1,4.1,3,2,2,2,3,3,3,4,3,3,3,3,3,2,4,3,2,2,4,4,3,3,4,3,3,4,3,4,3,2,3,3,3,2,3,2,3,2,3,2,4,4,4,4,4,3,4,4,3,2,3,2,3,2,3,2,2,2,3,2,3,3,3,2,3,2,4,3,4,2,4,2,4,4,4,4,4,4,4,4,3,2,3,3,3,3,3,2
"171",1,17.1,NA,NA,NA,NA,4,4,NA,NA,NA,NA,NA,NA,3,3,NA,NA,NA,NA,NA,NA,4,4,NA,NA,NA,NA,NA,NA,3,4,NA,NA,NA,NA,NA,NA,3,4,NA,NA,NA,NA,NA,NA,4,4,NA,NA,NA,NA,NA,NA,3,4,NA,NA,NA,NA,NA,NA,3,2,NA,NA,NA,NA,NA,NA,3,4,NA,NA,NA,NA,NA,NA,4,4,NA,NA,NA,NA,NA,NA,3,3,NA,NA
"172",1,3.2,2,3,2,4,3,4,NA,NA,3,3,3,3,3,3,NA,NA,3,3,4,3,3,3,NA,NA,2,3,3,3,3,3,NA,NA,2,3,3,3,2,3,NA,NA,4,4,3,4,4,4,NA,NA,2,3,2,3,3,3,NA,NA,3,3,3,3,3,3,NA,NA,1,4,2,4,2,4,NA,NA,3,4,3,3,3,3,NA,NA,2,3,3,3,3,3,NA,NA
"173",2,5.2,2,3,2,3,2,3,NA,NA,2,3,2,2,2,2,NA,NA,3,3,3,4,3,4,NA,NA,3,3,3,3,3,3,NA,NA,2,2,2,3,3,3,NA,NA,4,4,4,4,3,4,NA,NA,3,3,3,3,3,3,NA,NA,2,2,2,3,3,2,NA,NA,2,3,2,4,3,4,NA,NA,2,3,3,4,3,4,NA,NA,3,3,3,4,3,3,NA,NA
"174",1,15.1,3,3,NA,NA,NA,NA,NA,NA,3,2,NA,NA,NA,NA,NA,NA,3,4,NA,NA,NA,NA,NA,NA,4,4,NA,NA,NA,NA,NA,NA,4,3,NA,NA,NA,NA,NA,NA,4,4,NA,NA,NA,NA,NA,NA,3,3,NA,NA,NA,NA,NA,NA,3,3,NA,NA,NA,NA,NA,NA,4,3,NA,NA,NA,NA,NA,NA,4,4,NA,NA,NA,NA,NA,NA,3,4,NA,NA,NA,NA,NA,NA
"175",1,10.1,3,3,NA,NA,NA,NA,NA,NA,3,3,NA,NA,NA,NA,NA,NA,3,3,NA,NA,NA,NA,NA,NA,3,3,NA,NA,NA,NA,NA,NA,2,3,NA,NA,NA,NA,NA,NA,4,4,NA,NA,NA,NA,NA,NA,3,3,NA,NA,NA,NA,NA,NA,3,3,NA,NA,NA,NA,NA,NA,3,4,NA,NA,NA,NA,NA,NA,4,4,NA,NA,NA,NA,NA,NA,3,3,NA,NA,NA,NA,NA,NA
"176",1,4.1,3,2,NA,NA,3,4,NA,NA,2,4,NA,NA,3,4,NA,NA,2,4,NA,NA,3,4,NA,NA,3,4,NA,NA,3,4,NA,NA,3,4,NA,NA,3,4,NA,NA,4,4,NA,NA,4,4,NA,NA,4,2,NA,NA,3,3,NA,NA,3,4,NA,NA,3,4,NA,NA,3,4,NA,NA,3,4,NA,NA,4,4,NA,NA,3,4,NA,NA,3,4,NA,NA,3,4,NA,NA
"177",1,24.2,4,4,NA,NA,3,4,3,3,4,2,NA,NA,2,3,3,3,4,3,NA,NA,3,3,3,3,3,3,NA,NA,2,3,2,3,4,4,NA,NA,2,2,2,3,4,4,NA,NA,3,4,2,3,3,4,NA,NA,3,3,2,3,3,2,NA,NA,3,3,2,3,2,4,NA,NA,3,4,2,3,3,4,NA,NA,3,4,2,3,4,3,NA,NA,3,3,2,3
"178",1,7.1,3,4,3,4,3,4,NA,NA,2,3,3,3,3,3,NA,NA,4,3,4,4,4,4,NA,NA,4,3,4,3,3,3,NA,NA,4,3,4,2,3,3,NA,NA,4,4,4,4,4,4,NA,NA,3,4,3,4,3,4,NA,NA,4,3,4,3,3,4,NA,NA,4,4,3,4,3,4,NA,NA,4,4,4,4,4,4,NA,NA,2,3,3,4,4,3,NA,NA
"179",2,14.1,3,3,NA,NA,3,4,NA,NA,3,4,NA,NA,4,4,NA,NA,3,3,NA,NA,4,4,NA,NA,3,4,NA,NA,3,3,NA,NA,4,4,NA,NA,3,3,NA,NA,3,4,NA,NA,3,4,NA,NA,3,4,NA,NA,3,4,NA,NA,3,4,NA,NA,3,3,NA,NA,2,4,NA,NA,3,4,NA,NA,3,4,NA,NA,3,4,NA,NA,3,3,NA,NA,3,3,NA,NA
"180",1,14.1,3,4,NA,NA,4,4,3,2,2,2,NA,NA,4,3,3,2,3,2,NA,NA,4,3,4,3,3,3,NA,NA,3,2,3,2,3,2,NA,NA,3,1,3,3,3,4,NA,NA,4,4,4,4,2,3,NA,NA,3,3,4,3,2,3,NA,NA,3,2,3,2,2,3,NA,NA,4,2,3,4,3,4,NA,NA,3,4,4,2,3,3,NA,NA,3,3,3,2
"181",1,21.1,3,3,4,4,4,4,4,4,2,2,3,3,3,3,3,4,2,3,4,3,3,4,3,4,3,2,4,3,4,4,4,4,1,2,4,3,4,4,4,4,4,4,3,4,4,4,4,4,3,4,4,4,4,3,4,4,3,2,3,3,3,3,3,4,2,4,2,4,3,3,2,4,3,4,3,4,3,4,3,4,3,3,3,3,3,3,3,3
"182",2,22.2,2,3,3,3,4,3,NA,NA,2,3,3,3,2,3,NA,NA,2,3,3,3,4,3,NA,NA,3,3,3,3,2,3,NA,NA,3,3,2.42737837426523,NA,2,2,NA,NA,4,4,4,NA,4,4,NA,NA,3,3,3,NA,4,3,NA,NA,2,3,3,NA,3,3,NA,NA,4,3,4,NA,3,4,NA,NA,4,3,3,NA,4,3,NA,NA,3,3,3,NA,3,3,NA,NA
"183",1,7.2,3,3,3,4,4,3,NA,NA,2,2,2,3,2,3,NA,NA,3,3,3,3,3,3,NA,NA,2,2,3,2,3,3,NA,NA,3,2,3,3,2,3,NA,NA,4,3,4,4,4,4,NA,NA,3,3,3,3,4,3,NA,NA,3,2,3,2,3,3,NA,NA,2,3,3,4,2,4,NA,NA,4,3,3,4,4,3,NA,NA,3,3,3,3,3,3,NA,NA
"184",1,22.2,4,4,4,4,3,4,NA,NA,2,2,3,3,3,3,NA,NA,2,2,4,4,3,3,NA,NA,3,3,3,3,4,4,NA,NA,3,3,3,3,3,3,NA,NA,4,4,4,4,4,4,NA,NA,4,4,3,3,3,3,NA,NA,4,4,3,3,3,3,NA,NA,4,4,4,4,3,3,NA,NA,4,4,4,4,4,4,NA,NA,3,3,3,3,3,3,NA,NA
"185",1,17.1,NA,NA,NA,NA,NA,NA,NA,NA,NA,NA,NA,NA,NA,NA,NA,NA,NA,NA,NA,NA,NA,NA,NA,NA,NA,NA,NA,NA,NA,NA,NA,NA,NA,NA,NA,NA,NA,NA,NA,NA,NA,NA,NA,NA,NA,NA,NA,NA,NA,NA,NA,NA,NA,NA,NA,NA,NA,NA,NA,NA,NA,NA,NA,NA,NA,NA,NA,NA,NA,NA,NA,NA,NA,NA,NA,NA,NA,NA,NA,NA,NA,NA,NA,NA,NA,NA,NA,NA
"186",1,15.1,3,3,2,3,NA,NA,NA,NA,3,3,3,3,NA,NA,NA,NA,3,3,3,3,NA,NA,NA,NA,3,3,3,3,NA,NA,NA,NA,2,4,3,3,NA,NA,NA,NA,4,4,4,4,NA,NA,NA,NA,3,3,3,3,NA,NA,NA,NA,3,3,3,3,NA,NA,NA,NA,4,4,3,4,NA,NA,NA,NA,4,4,4,4,NA,NA,NA,NA,2,4,3,3,NA,NA,NA,NA
"187",1,19.2,3,4,NA,NA,NA,NA,NA,NA,3,3,NA,NA,NA,NA,NA,NA,3,3,NA,NA,NA,NA,NA,NA,2,3,NA,NA,NA,NA,NA,NA,3,3,NA,NA,NA,NA,NA,NA,4,4,NA,NA,NA,NA,NA,NA,3,4,NA,NA,NA,NA,NA,NA,3,3,NA,NA,NA,NA,NA,NA,3,3,NA,NA,NA,NA,NA,NA,4,4,NA,NA,NA,NA,NA,NA,3,3,NA,NA,NA,NA,NA,NA
"188",2,22.2,2,3,2,2,3,3,3,3,2,3,2,3,3,3,3,3,3,3,2,3,3,4,3,3,2,2,3,2,3,3,3,3,2,2,2,2,3,3,3,3,4,4,4,4,4,4,4,4,2,2,2,2,3,3,2,3,2,2,2,2,3,3,3,3,3,3,4,2,3,4,3,3,3,3,4,3,4,4,3,3,3,3,3,3,3,3,3,3
"189",2,19.2,2,3,2,3,2,3,NA,NA,3,3,3,3,3,3,NA,NA,3,4,3,3,3,4,NA,NA,3,2,3,3,4,3,NA,NA,2,1,2,2,3,1,NA,NA,4,4,4,4,4,4,NA,NA,2,2,2,2,2,3,NA,NA,3,3,3,4,3,4,NA,NA,3,4,3,4,3,4,NA,NA,4,4,4,4,4,4,NA,NA,4,4,3,3,3,3,NA,NA
"190",2,3.3,3,3,NA,NA,3,3,2,3,2,3,NA,NA,2,3,3,3,3,4,NA,NA,3,4,3,3,3,2,NA,NA,3,3,4,3,3,2,NA,NA,3,3,1,2,4,3,NA,NA,4,3,4,4,3,2,NA,NA,3,3,4,2,3,3,NA,NA,3,3,4,3,3,3,NA,NA,3,3,2,3,3,3,NA,NA,4,3,4,3,3,3,NA,NA,3,3,3,3
"191",2,1.1,3,4,NA,NA,NA,NA,2,3,4,4,NA,NA,NA,NA,3,4,4,4,NA,NA,NA,NA,2,4,4,4,NA,NA,NA,NA,2,4,3,3,NA,NA,NA,NA,2,3,4,4,NA,NA,NA,NA,3,4,4,4,NA,NA,NA,NA,2,3,3,3,NA,NA,NA,NA,2,4,3,4,NA,NA,NA,NA,2,4,4,4,NA,NA,NA,NA,3,4,4,4,NA,NA,NA,NA,2,4
"192",2,14.1,3,3,NA,NA,3,4,NA,NA,2,3,NA,NA,3,3,NA,NA,3,3,NA,NA,3,4,NA,NA,3,2,NA,NA,3,3,NA,NA,2,2,NA,NA,2,NA,NA,NA,4,4,NA,NA,4,4,NA,NA,3,3,NA,NA,2,3,NA,NA,2,3,NA,NA,3,3,NA,NA,3,3,NA,NA,3,3,NA,NA,4,3,NA,NA,4,3,NA,NA,2,3,NA,NA,3,3,NA,NA
"193",1,13.2,2,3,3,3,NA,3,4,4,2,3,2,4,NA,3,2,4,3,4,3,4,NA,3,4,4,4,3,4,4,NA,3,4,4,2,2,1,4,NA,2,2,4,3,3,3,3,NA,4,3,4,2,4,3,3,NA,3,3,4,2,3,3,4,NA,3,2,4,3,4,2,3,NA,3,3,4,4,4,3,3,NA,4,4,4,2,4,2,4,NA,3,3,4
"194",2,13.1,2,3,NA,NA,NA,3,NA,NA,2,3,NA,NA,NA,3,NA,NA,3,3,NA,NA,NA,2,NA,NA,3,2,NA,NA,NA,2,NA,NA,3,3,NA,NA,NA,2,NA,NA,4,2,NA,NA,NA,4,NA,NA,2,2,NA,NA,NA,2,NA,NA,2,3,NA,NA,NA,2,NA,NA,2,2,NA,NA,NA,3,NA,NA,4,3,NA,NA,NA,3,NA,NA,3,3,NA,NA,NA,2,NA,NA
"195",2,1.1,4,3,NA,NA,NA,NA,NA,NA,3,3,NA,NA,NA,NA,NA,NA,3,3,NA,NA,NA,NA,NA,NA,3,2,NA,NA,NA,NA,NA,NA,2,3,NA,NA,NA,NA,NA,NA,4,4,NA,NA,NA,NA,NA,NA,3,2,NA,NA,NA,NA,NA,NA,3,3,NA,NA,NA,NA,NA,NA,3,4,NA,NA,NA,NA,NA,NA,4,4,NA,NA,NA,NA,NA,NA,3,4,NA,NA,NA,NA,NA,NA
"196",1,13.1,4,3,NA,NA,NA,NA,NA,NA,4,3,NA,NA,NA,NA,NA,NA,4,3,NA,NA,NA,NA,NA,NA,4,3,NA,NA,NA,NA,NA,NA,4,2,NA,NA,NA,NA,NA,NA,4,4,NA,NA,NA,NA,NA,NA,4,3,NA,NA,NA,NA,NA,NA,4,3,NA,NA,NA,NA,NA,NA,4,3,NA,NA,NA,NA,NA,NA,4,4,NA,NA,NA,NA,NA,NA,4,3,NA,NA,NA,NA,NA,NA
"197",1,25.1,2,2,2,3,NA,NA,NA,NA,2,3,2,3,NA,NA,NA,NA,3,3,3,3,NA,NA,NA,NA,3,3,3,2,NA,NA,NA,NA,2,3,2,NA,NA,NA,NA,NA,3,3,3,NA,NA,NA,NA,NA,2,3,2,NA,NA,NA,NA,NA,3,3,2,NA,NA,NA,NA,NA,2,3,2,NA,NA,NA,NA,NA,3,3,3,NA,NA,NA,NA,NA,3,3,3,NA,NA,NA,NA,NA
"198",1,18.1,3,3,2,3,3,3,NA,NA,2,2,2,2,2,2,NA,NA,2,2,3,3,2,3,NA,NA,3,3,3,3,2,3,NA,NA,2,2,3,3,2,2,NA,NA,4,4,3,3,4,4,NA,NA,2,3,2,2,2,3,NA,NA,2,2,3,3,2,2,NA,NA,2,3,2,3,2,3,NA,NA,3,4,3,3,3,3,NA,NA,2,2,2,3,2,3,NA,NA
"199",1,9.1,3,2,NA,NA,3,3,NA,NA,2,2,NA,NA,2,2,NA,NA,4,3,NA,NA,3,2,NA,NA,3,2,NA,NA,3,3,NA,NA,3,3,NA,NA,3,2,NA,NA,4,3,NA,NA,4,3,NA,NA,3,3,NA,NA,3,3,NA,NA,3,3,NA,NA,3,3,NA,NA,2,3,NA,NA,2,3,NA,NA,3,3,NA,NA,3,3,NA,NA,3,3,NA,NA,3,3,NA,NA
"200",1,20.3,NA,NA,3,4,NA,NA,3,4,NA,NA,4,4,NA,NA,4,4,NA,NA,4,3,NA,NA,4,4,NA,NA,3,3,NA,NA,3,3,NA,NA,3,4,NA,NA,3,3,NA,NA,4,4,NA,NA,4,4,NA,NA,3,3,NA,NA,3,4,NA,NA,3,3,NA,NA,4,4,NA,NA,4,4,NA,NA,3,4,NA,NA,4,3,NA,NA,4,4,NA,NA,3,3,NA,NA,4,4
"201",1,18.1,1,3,2,3,2,3,2,3,2,3,2,3,2,3,2,3,2,3,2,3,2,3,2,4,3,3,4,2,3,3,2,3,1,2,2,3,1,2,3,3,4,4,4,4,2,4,2,4,1,2,2,3,1,2,3,3,2,3,3,3,3,3,3,3,3,3,3,4,1,4,3,4,4,4,4,4,2,4,3,4,2,3,3,3,3,3,3,3
"202",1,18.1,3,4,3,3,3,3,4,4,3,3,3,2,3,3,3,2,3,4,3,4,3,3,3,4,3,4,2,3,3,2,3,3,1,4,2,2,3,3,2,2,4,4,3,4,3,4,4,4,3,4,3,3,3,3,3,3,3,4,3,3,3,3,3,3,3,4,3,3,3,3,3,2,3,4,3,4,4,3,4,3,3,4,3,3,3,3,3,3
"203",1,13.1,3,4,3,3,3,4,NA,NA,3,3,3,4,3,3,NA,NA,3,4,3,4,3,3,NA,NA,3,4,3,4,3,3,NA,NA,3,3,2,3,3,3,NA,NA,4,4,3,4,4,4,NA,NA,3,4,3,3,3,3,NA,NA,3,3,3,4,3,3,NA,NA,3,3,3,3,3,4,NA,NA,4,4,3,4,3,4,NA,NA,3,3,3,4,3,3,NA,NA
"204",1,2.1,NA,NA,2,2,3,3,NA,NA,NA,NA,3,2,3,2,NA,NA,NA,NA,2,3,3,3,NA,NA,NA,NA,2,2,3,2,NA,NA,NA,NA,2,2,3,3,NA,NA,NA,NA,4,3,4,4,NA,NA,NA,NA,2,2,3,3,NA,NA,NA,NA,3,2,3,2,NA,NA,NA,NA,3,2,1,2,NA,NA,NA,NA,4,4,4,3,NA,NA,NA,NA,3,3,3,3,NA,NA
"205",1,14.1,3,3,3,4,3,3,4,4,3,3,2,2,3,3,3,4,3,3,2,3,3,4,4,4,2,2,2,3,2,3,3,4,2,2,2,3,3,2,3,3,4,4,3,4,4,4,4,4,3,3,2,4,3,2,4,4,3,2,2,3,3,3,3,4,2,4,3,4,3,NA,3,4,3,4,3,4,3,3,4,4,3,3,3,3,3,3,3,4
"206",1,1.1,4,4,NA,NA,NA,4,NA,NA,3,3,NA,NA,NA,2,NA,NA,3,3,NA,NA,NA,4,NA,NA,2,4,NA,NA,NA,3,NA,NA,2,3,NA,NA,NA,2,NA,NA,4,4,NA,NA,NA,4,NA,NA,4,4,NA,NA,NA,4,NA,NA,2,4,NA,NA,NA,3,NA,NA,2,3,NA,NA,NA,2,NA,NA,3,4,NA,NA,NA,3,NA,NA,2,4,NA,NA,NA,2,NA,NA
"207",1,11.2,2,2,NA,NA,NA,NA,NA,NA,2,3,NA,NA,NA,NA,NA,NA,2,3,NA,NA,NA,NA,NA,NA,2,3,NA,NA,NA,NA,NA,NA,2,3,NA,NA,NA,NA,NA,NA,3,4,NA,NA,NA,NA,NA,NA,2,2,NA,NA,NA,NA,NA,NA,3,2,NA,NA,NA,NA,NA,NA,2,2,NA,NA,NA,NA,NA,NA,2,4,NA,NA,NA,NA,NA,NA,2,3,NA,NA,NA,NA,NA,NA
"208",1,7.2,3,3,3,3,3,3,2,4,2,2,3,3,3,3,4,3,2,3,3,3,3,3,2,3,3,2,3,3,3,3,3,2,2,2,2,2,2,2,4,2,4,4,4,3,4,3,3,4,3,3,2.51247622998538,3,2,3,3,2,2,3,2,3,3,3,2,2,3,4,3,3,2,4,2,4,4,4,3,3,3,3,2,3,3,3,3,3,3,3,2,3
"209",1,2.1,NA,NA,2,4,4,4,NA,NA,NA,NA,3,3,2,3,NA,NA,NA,NA,3,4,4,3,NA,NA,NA,NA,4,3,4,3,NA,NA,NA,NA,4,3,4,4,NA,NA,NA,NA,4,4,4,4,NA,NA,NA,NA,4,4,4,4,NA,NA,NA,NA,2,3,3,4,NA,NA,NA,NA,2,3,3,4,NA,NA,NA,NA,4,4,4,4,NA,NA,NA,NA,3,3,3,3,NA,NA
"210",1,10.4,3,2,NA,NA,3,3,4,4,3,3,NA,NA,3,3,3,4,4,3,NA,NA,4,4,4,4,4,3,NA,NA,3,3,3,3,3,3,NA,NA,3,3,3,3,4,4,NA,NA,4,4,4,4,3,2,NA,NA,3,3,4,4,4,3,NA,NA,4,3,3,1,3,4,NA,NA,3,4,4,3,4,3,NA,NA,4,4,4,4,4,3,NA,NA,4,3,3,3
"211",1,20.1,2,3,NA,NA,2,3,3,4,2,3,NA,NA,3,3,3,4,3,3,NA,NA,3,4,4,4,2,3,NA,NA,3,3,3,4,2,2,NA,NA,2,3,2,3,4,3,NA,NA,4,4,4,4,3,3,NA,NA,3,3,2,4,3,3,NA,NA,3,4,3,3,2,4,NA,NA,2,4,2,4,4,3,NA,NA,3,4,3,4,3,3,NA,NA,3,4,3,4
"212",1,19.3,4,4,3,4,4,4,3,4,2,2,2,2,3,2,3,3,3,2,3,4,3,3,3,3,2,3,3,4,3,3,3,3,1,3,2,2,2,3,2,2,4,3,4,4,4,4,4,4,3,3,3,4,3,3,2,3,2,2,3,3,3,3,3,2,3,4,3,4,3,4,2,4,4,4,4,4,3,4,4,4,2,3,3,4,3,3,4,4
"213",1,7.1,2,3,3,4,NA,NA,NA,NA,2,2,3,3,NA,NA,NA,NA,3,3,4,3,NA,NA,NA,NA,2,4,3,3,NA,NA,NA,NA,3,2,2,4,NA,NA,NA,NA,4,4,4,4,NA,NA,NA,NA,3,3,3,4,NA,NA,NA,NA,3,2,3,4,NA,NA,NA,NA,1,4,3,4,NA,NA,NA,NA,4,4,4,4,NA,NA,NA,NA,3,4,3,4,NA,NA,NA,NA
"214",2,22.1,3,4,3,4,NA,NA,NA,NA,3,2,3,3,NA,NA,NA,NA,3,4,3,3,NA,NA,NA,NA,3,2,4,3,NA,NA,NA,NA,2,2,2,4,NA,NA,NA,NA,4,4,4,4,NA,NA,NA,NA,2,4,3,3,NA,NA,NA,NA,3,2,3,3,NA,NA,NA,NA,2,4,2,3,NA,NA,NA,NA,3,4,3,4,NA,NA,NA,NA,3,3,3,3,NA,NA,NA,NA
"215",2,24.2,3,4,4,4,2,4,NA,NA,2,3,4,3,2,3,NA,NA,2,3,4,4,4,4,NA,NA,2,3,3,4,3,4,NA,NA,2,2,3,4,2,4,NA,NA,4,4,4,4,3,4,NA,NA,3,4,4,3,2,4,NA,NA,2,3,3,4,2,4,NA,NA,2,4,4,4,2,4,NA,NA,3,4,4,4,3,4,NA,NA,2,3,4,4,2,4,NA,NA
