"","child_sex","cluster","Erc_edc_1.1.1","Erc_edc_1.1.2","Erc_edc_1.2.1","Erc_edc_1.2.2","Erc_edc_1.3.1","Erc_edc_1.3.2","Erc_edc_1.4.1","Erc_edc_1.4.2","Erc_edc_3.1.1","Erc_edc_3.1.2","Erc_edc_3.2.1","Erc_edc_3.2.2","Erc_edc_3.3.1","Erc_edc_3.3.2","Erc_edc_3.4.1","Erc_edc_3.4.2","Erc_edc_7.1.1","Erc_edc_7.1.2","Erc_edc_7.2.1","Erc_edc_7.2.2","Erc_edc_7.3.1","Erc_edc_7.3.2","Erc_edc_7.4.1","Erc_edc_7.4.2","Erc_edc_15.1.1","Erc_edc_15.1.2","Erc_edc_15.2.1","Erc_edc_15.2.2","Erc_edc_15.3.1","Erc_edc_15.3.2","Erc_edc_15.4.1","Erc_edc_15.4.2","Erc_edc_16.1.1","Erc_edc_16.1.2","Erc_edc_16.2.1","Erc_edc_16.2.2","Erc_edc_16.3.1","Erc_edc_16.3.2","Erc_edc_16.4.1","Erc_edc_16.4.2","Erc_edc_18.1.1","Erc_edc_18.1.2","Erc_edc_18.2.1","Erc_edc_18.2.2","Erc_edc_18.3.1","Erc_edc_18.3.2","Erc_edc_18.4.1","Erc_edc_18.4.2","Erc_edc_21.1.1","Erc_edc_21.1.2","Erc_edc_21.2.1","Erc_edc_21.2.2","Erc_edc_21.3.1","Erc_edc_21.3.2","Erc_edc_21.4.1","Erc_edc_21.4.2","Erc_edc_23.1.1","Erc_edc_23.1.2","Erc_edc_23.2.1","Erc_edc_23.2.2","Erc_edc_23.3.1","Erc_edc_23.3.2","Erc_edc_23.4.1","Erc_edc_23.4.2","Erc_edc_5.1.1","Erc_edc_5.1.2","Erc_edc_5.2.1","Erc_edc_5.2.2","Erc_edc_5.3.1","Erc_edc_5.3.2","Erc_edc_5.4.1","Erc_edc_5.4.2"
"1",2,1.1,NA,NA,NA,NA,NA,NA,4,4,NA,NA,NA,NA,NA,NA,4,4,NA,NA,NA,NA,NA,NA,4,4,NA,NA,NA,NA,NA,NA,3,3,NA,NA,NA,NA,NA,NA,1,1,NA,NA,NA,NA,NA,NA,1,1,NA,NA,NA,NA,NA,NA,4,4,NA,NA,NA,NA,NA,NA,4,4,NA,NA,NA,NA,NA,NA,4,4
"2",2,24.1,4,4,NA,NA,4,4,3,3,4,4,NA,NA,4,4,4,4,4,4,NA,NA,4,4,4,4,3,3,NA,NA,4,4,3,3,1,1,NA,NA,1,1,2,2,1,1,NA,NA,1,1,2,2,3,3,NA,NA,4,4,3,3,2,2,NA,NA,4,4,3,3,3,3,NA,NA,4,4,4,4
"3",2,12.2,3,3,4,4,3,3,NA,NA,4,4,4,4,4,4,NA,NA,4,4,4,4,4,4,NA,NA,3,3,4,4,2,2,NA,NA,1,1,1,1,1,1,NA,NA,1,1,1,1,2,2,NA,NA,3,3,2,2,3,3,NA,NA,3,3,2,2,3,3,NA,NA,2,2,2,2,4,4,NA,NA
"4",1,14.1,NA,NA,NA,NA,4,4,4,4,NA,NA,NA,NA,4,4,4,4,NA,NA,NA,NA,4,4,4,4,NA,NA,NA,NA,4,4,4,4,NA,NA,NA,NA,1,1,1,1,NA,NA,NA,NA,1,1,1,1,NA,NA,NA,NA,4,4,4,4,NA,NA,NA,NA,4,4,3,3,NA,NA,NA,NA,4,4,3,3
"5",1,1.1,NA,NA,NA,NA,NA,NA,3,3,NA,NA,NA,NA,NA,NA,3,3,NA,NA,NA,NA,NA,NA,3,3,NA,NA,NA,NA,NA,NA,2,2,NA,NA,NA,NA,NA,NA,2,2,NA,NA,NA,NA,NA,NA,2,2,NA,NA,NA,NA,NA,NA,3,3,NA,NA,NA,NA,NA,NA,2,2,NA,NA,NA,NA,NA,NA,3,3
"6",2,11.2,4,4,4,4,NA,NA,NA,NA,4,4,4,4,NA,NA,NA,NA,4,4,4,4,NA,NA,NA,NA,3,3,4,4,NA,NA,NA,NA,1,1,1,1,NA,NA,NA,NA,1,1,1,1,NA,NA,NA,NA,4,4,4,4,NA,NA,NA,NA,2,2,4,4,NA,NA,NA,NA,3,3,4,4,NA,NA,NA,NA
"7",2,16.1,4,4,4,4,4,4,NA,NA,4,4,4,4,4,4,NA,NA,4,4,4,4,4,4,NA,NA,4,4,4,4,4,4,NA,NA,1,1,1,1,1,1,NA,NA,1,1,1,1,1,1,NA,NA,4,4,4,4,4,4,NA,NA,4,4,4,4,4,4,NA,NA,4,4,4,4,4,4,NA,NA
"8",1,11.2,NA,NA,NA,NA,4,4,NA,NA,NA,NA,NA,NA,4,4,NA,NA,NA,NA,NA,NA,4,4,NA,NA,NA,NA,NA,NA,4,4,NA,NA,NA,NA,NA,NA,1,1,NA,NA,NA,NA,NA,NA,4,4,NA,NA,NA,NA,NA,NA,4,4,NA,NA,NA,NA,NA,NA,2,2,NA,NA,NA,NA,NA,NA,4,4,NA,NA
"9",2,16.1,3,3,4,4,4,4,NA,NA,4,4,4,4,4,4,NA,NA,4,4,4,4,4,4,NA,NA,4,4,3,3,3,3,NA,NA,1,1,1,1,1,1,NA,NA,1,1,1,1,1,1,NA,NA,4,4,3,3,3,3,NA,NA,4,4,4,4,4,4,NA,NA,4,4,3,3,4,4,NA,NA
"10",1,16.2,4,4,4,4,3,3,3,3,4,4,4,4,3,3,3,3,4,4,4,4,3,3,3,3,3,3,4,4,2,2,2,2,1,1,1,1,2,2,2,2,1,1,1,1,2,2,2,2,3,3,3,3,3,3,4,4,3,3,4,4,2,2,2,2,2,2,3,3,2,2,2,2
"11",1,19.1,4,4,NA,NA,4,4,NA,NA,4,4,NA,NA,4,4,NA,NA,3,3,NA,NA,3,3,NA,NA,4,4,NA,NA,2,2,NA,NA,1,1,NA,NA,1,1,NA,NA,1,1,NA,NA,1,1,NA,NA,2,2,NA,NA,3,3,NA,NA,2,2,NA,NA,2,2,NA,NA,2,2,NA,NA,2,2,NA,NA
"12",1,8.2,NA,NA,3,3,NA,NA,NA,NA,NA,NA,4,4,NA,NA,NA,NA,NA,NA,3,3,NA,NA,NA,NA,NA,NA,2,2,NA,NA,NA,NA,NA,NA,1,1,NA,NA,NA,NA,NA,NA,1,1,NA,NA,NA,NA,NA,NA,2,2,NA,NA,NA,NA,NA,NA,2,2,NA,NA,NA,NA,NA,NA,2,2,NA,NA,NA,NA
"13",1,7.2,4,4,4,4,3,3,4,4,4,4,3,3,4,4,4,4,4,4,3,3,3,3,4,4,4,4,2,2,3,3,4,4,1,1,1,1,1,1,1,1,1,1,1,1,2,2,4,4,3,3,1,1,4,4,4,4,1,1,4,4,3,3,4,4,4,4,3,3,3,3,4,4
"14",2,22.1,NA,NA,4,4,4,4,3,3,NA,NA,4,4,4,4,4,4,NA,NA,4,4,4,4,4,4,NA,NA,4,4,4,4,2,2,NA,NA,1,1,1,1,1,1,NA,NA,1,1,1,1,2,2,NA,NA,4,4,3,3,3,3,NA,NA,4,4,3,3,3,3,NA,NA,4,4,4,4,4,4
"15",2,18.1,3,3,3,3,4,4,NA,NA,3,3,4,4,4,4,NA,NA,2,2,3,3,4,4,NA,NA,2,2,3,3,3,3,NA,NA,2,2,1,1,1,1,NA,NA,2,2,2,2,1,1,NA,NA,1,1,3,3,3,3,4,4,1,1,NA,NA,2,2,1,1,4,4,2,2,1,1,4,4
"16",2,7.2,4,4,4,4,3,3,3,3,4,4,4,4,3,3,3,3,3,3,3,3,3,3,4,4,3,3,2,2,4,4,1,1,1,1,1,1,2,2,3,3,1,1,1,1,2,2,3,3,3,3,2,2,3,3,3,3,1,1,4,4,3,3,3,3,3,3,4,4,3,3,2,2
"17",2,14.1,NA,NA,NA,NA,4,4,4,4,NA,NA,NA,NA,4,4,4,4,NA,NA,NA,NA,4,4,4,4,NA,NA,NA,NA,NA,NA,4,4,NA,NA,NA,NA,1,1,1,1,NA,NA,NA,NA,1,1,2,2,NA,NA,NA,NA,3,3,4,4,NA,NA,NA,NA,1,1,4,4,NA,NA,NA,NA,4,4,4,4
"18",2,17.1,4,4,4,4,4,4,4,4,4,4,4,4,4,4,4,4,4,4,4,4,4,4,4,4,3,3,3,3,4,4,4,4,2,2,1,1,1,1,1,1,2,2,2,2,1,1,1,1,1,1,4,4,4,4,4,4,3,3,4,4,4,4,4,4,3,3,4,4,4,4,4,4
"19",2,13.1,4,4,4,4,4,4,4,4,4,4,4,4,4,4,4,4,4,4,4,4,4,4,4,4,3,3,4,4,4,4,4,4,1,1,1,1,1,1,1,1,1,1,1,1,1,1,NA,NA,3,3,4,4,4,4,3,3,4,4,4,4,3,3,1,1,2,2,3,3,4,4,4,4
"20",2,22.1,3,3,NA,NA,NA,NA,3,3,3,3,NA,NA,NA,NA,3,3,3,3,NA,NA,NA,NA,3,3,2,2,NA,NA,NA,NA,3,3,1,1,NA,NA,NA,NA,1,1,NA,NA,NA,NA,NA,NA,2,2,4,4,NA,NA,NA,NA,2,2,2,2,NA,NA,NA,NA,NA,NA,3,3,NA,NA,NA,NA,2,2
"21",2,18.3,4,4,3,3,4,4,NA,NA,2,2,3,3,4,4,NA,NA,4,4,3,3,4,4,NA,NA,1,1,4,4,3,3,NA,NA,1,1,1,1,1,1,NA,NA,1,1,1,1,1,1,NA,NA,1,1,3,3,3,3,4,4,1,1,3,3,2,2,1,1,2,2,3,3,2,2,4,4
"22",2,12.1,3,3,4,4,4,4,NA,NA,3,3,4,4,4,4,NA,NA,4,4,4,4,4,4,NA,NA,3,3,4,4,3,3,NA,NA,1,1,1,1,1,1,NA,NA,1,1,1,1,1,1,NA,NA,4,4,4,4,3,3,NA,NA,4,4,4,4,4,4,NA,NA,3,3,4,4,4,4,NA,NA
"23",2,16.1,NA,NA,4,4,3,3,4,4,NA,NA,4,4,4,4,4,4,NA,NA,4,4,4,4,4,4,NA,NA,3,3,2,2,2,2,NA,NA,1,1,2,2,1,1,NA,NA,1,1,2,2,1,1,NA,NA,3,3,2,2,4,4,NA,NA,4,4,3,3,1,1,NA,NA,3,3,4,4,4,4
"24",2,7.2,4,4,4,4,3,3,NA,NA,4,4,4,4,NA,NA,NA,NA,2,2,3,3,2,2,NA,NA,2,2,1,1,3,3,NA,NA,1,1,1,1,2,2,NA,NA,4,4,1,1,2,2,NA,NA,1,1,1,1,2,2,NA,NA,2,2,4,4,3,3,NA,NA,4,4,3,3,3,3,NA,NA
"25",2,7.2,4,4,4,4,4,4,3,3,4,4,4,4,4,4,4,4,4,4,4,4,4,4,4,4,4,4,2,2,4,4,2,2,1,1,1,1,1,1,2,2,1,1,1,1,2,2,1,1,2,2,3,3,3,3,4,4,2,2,4,4,2,2,4,4,4,4,4,4,3,3,3,3
"26",2,10.2,4,4,NA,NA,4,4,NA,NA,4,4,NA,NA,4,4,NA,NA,4,4,NA,NA,4,4,NA,NA,3,3,NA,NA,3,3,NA,NA,1,1,NA,NA,1,1,NA,NA,2,2,NA,NA,1,1,NA,NA,3,3,NA,NA,3,3,NA,NA,1,1,NA,NA,3,3,NA,NA,3,3,NA,NA,4,4,NA,NA
"27",2,18.1,4,4,2,2,2,2,NA,NA,4,4,4,4,3,3,NA,NA,4,4,4,4,3,3,NA,NA,2,2,2,2,2,2,NA,NA,1,1,1,1,1,1,NA,NA,1,1,1,1,2,2,NA,NA,4,4,2,2,3,3,NA,NA,2,2,4,4,3,3,NA,NA,4,4,2,2,2,2,NA,NA
"28",2,19.2,NA,NA,3,3,NA,NA,NA,NA,NA,NA,4,4,NA,NA,NA,NA,NA,NA,4,4,NA,NA,NA,NA,NA,NA,2,2,NA,NA,NA,NA,NA,NA,1,1,NA,NA,NA,NA,NA,NA,1,1,NA,NA,NA,NA,NA,NA,3,3,NA,NA,NA,NA,NA,NA,2,2,NA,NA,NA,NA,NA,NA,2,2,NA,NA,NA,NA
"29",2,13.1,3,3,4,4,2,2,3,3,4,4,4,4,4,4,3,3,3,3,4,4,4,4,4,4,2,2,4,4,3,3,2,2,1,1,1,1,2,2,NA,NA,2,2,1,1,1,1,1,1,2,2,4,4,3,3,3,3,2,2,3,3,3,3,2,2,1,1,4,4,3,3,3,3
"30",2,14.1,NA,NA,NA,NA,4,4,3,3,NA,NA,NA,NA,4,4,4,4,NA,NA,NA,NA,4,4,3,3,NA,NA,NA,NA,4,4,3,3,NA,NA,NA,NA,1,1,1,1,NA,NA,NA,NA,1,1,1,1,NA,NA,NA,NA,4,4,3,3,NA,NA,NA,NA,4,4,2,2,NA,NA,NA,NA,3,3,3,3
"31",2,16.1,NA,NA,4,4,4,4,4,4,NA,NA,4,4,4,4,4,4,NA,NA,4,4,4,4,4,4,NA,NA,4,4,4,4,4,4,NA,NA,1,1,1,1,1,1,NA,NA,1,1,1,1,1,1,NA,NA,4,4,4,4,4,4,NA,NA,4,4,4,4,4,4,NA,NA,4,4,4,4,4,4
"32",2,24.1,3,3,3,3,4,4,4,4,4,4,4,4,4,4,4,4,4,4,4,4,4,4,4,4,2,2,3,3,4,4,3,3,2,2,1,1,1,1,1,1,1,1,1,1,1,1,1,1,3,3,3,3,4,4,3,3,2,2,3,3,3,3,3,3,3,3,3,3,3,3,4,4
"33",1,17.1,4,4,4,4,3,3,4,4,4,4,4,4,3,3,4,4,4,4,4,4,3,3,4,4,3,3,3,3,2,2,4,4,1,1,1,1,1,1,1,1,1,1,1,1,2,2,1,1,4,4,2,2,2,2,3,3,3,3,4,4,3,3,4,4,4,4,4,4,3,3,4,4
"34",1,24.1,3,3,3,3,3,3,3,3,4,4,4,4,4,4,2,2,3,3,4,4,4,4,3,3,1,1,3,3,3,3,2,2,2,2,1,1,1,1,2,2,3,3,2,2,1,1,2,2,2,2,2,2,4,4,2,2,2,2,4,4,3,3,3,3,3,3,4,4,4,4,2,2
"35",1,5.1,NA,NA,NA,NA,2,2,NA,NA,NA,NA,NA,NA,2,2,NA,NA,NA,NA,NA,NA,2,2,NA,NA,NA,NA,NA,NA,3,3,NA,NA,NA,NA,NA,NA,2,2,NA,NA,NA,NA,NA,NA,2,2,NA,NA,NA,NA,NA,NA,2,2,NA,NA,NA,NA,NA,NA,2,2,NA,NA,NA,NA,NA,NA,2,2,NA,NA
"36",1,18.2,4,4,3,3,3,3,NA,NA,3,3,3,3,3,3,NA,NA,3,3,3,3,3,3,NA,NA,3,3,4,4,3,3,NA,NA,2,2,1,1,1,1,NA,NA,1,1,1,1,1,1,NA,NA,3,3,3,3,3,3,NA,NA,3,3,3,3,2,2,NA,NA,2,2,3,3,3,3,NA,NA
"37",1,13.1,3,3,NA,NA,4,4,NA,NA,4,4,NA,NA,4,4,NA,NA,2,2,NA,NA,4,4,NA,NA,1,1,NA,NA,1,1,NA,NA,1,1,NA,NA,1,1,NA,NA,4,4,NA,NA,4,4,NA,NA,1,1,NA,NA,3,3,NA,NA,2,2,NA,NA,1,1,NA,NA,1,1,NA,NA,4,4,NA,NA
"38",1,1.1,NA,NA,NA,NA,NA,NA,NA,NA,NA,NA,NA,NA,NA,NA,NA,NA,NA,NA,NA,NA,NA,NA,NA,NA,NA,NA,NA,NA,NA,NA,NA,NA,NA,NA,NA,NA,NA,NA,NA,NA,NA,NA,NA,NA,NA,NA,NA,NA,NA,NA,NA,NA,NA,NA,NA,NA,NA,NA,NA,NA,NA,NA,NA,NA,NA,NA,NA,NA,NA,NA,NA,NA
"39",1,19.3,4,4,NA,NA,NA,NA,4,4,4,4,NA,NA,NA,NA,4,4,4,4,NA,NA,NA,NA,4,4,4,4,NA,NA,NA,NA,3,3,1,1,NA,NA,NA,NA,1,1,1,1,NA,NA,NA,NA,1,1,2,2,NA,NA,NA,NA,4,4,4,4,NA,NA,NA,NA,3,3,2,2,NA,NA,NA,NA,3,3
"40",1,13.2,4,4,4,4,3,3,4,4,2,2,3,3,4,4,4,4,2,2,3,3,4,4,4,4,2,2,4,4,3,3,3,3,1,1,2,2,1,1,1,1,2,2,1,1,1,1,1,1,2,2,4,4,3,3,3,3,4,4,3,3,2,2,3,3,2,2,3,3,2,2,2,2
"41",1,6.1,4,4,NA,NA,4,4,4,4,3,3,NA,NA,4,4,4,4,3,3,NA,NA,4,4,4,4,3,3,NA,NA,3,3,2,2,2,2,NA,NA,1,1,1,1,2,2,NA,NA,2,2,1,1,3,3,NA,NA,3,3,4,4,2,2,NA,NA,1,1,3,3,2,2,NA,NA,4,4,3,3
"42",1,16.1,4,4,4,4,4,4,4,4,4,4,4,4,4,4,4,4,4,4,4,4,4,4,4,4,4,4,4,4,4,4,3,3,1,1,1,1,1,1,1,1,1,1,1,1,1,1,1,1,4,4,4,4,3,3,4,4,4,4,4,4,4,4,4,4,4,4,2,2,3,3,4,4
"43",1,11.2,4,4,4,4,4,4,3,3,4,4,4,4,4,4,4,4,4,4,4,4,4,4,4,4,3,3,3,3,4,4,2,2,1,1,1,1,1,1,2,2,1,1,1,1,4,4,1,1,3,3,4,4,4,4,3,3,2,2,4,4,2,2,3,3,3,3,4,4,4,4,3,3
"44",1,18.1,NA,NA,NA,NA,3,3,4,4,NA,NA,NA,NA,3,3,3,3,NA,NA,NA,NA,4,4,3,3,NA,NA,NA,NA,2,2,4,4,NA,NA,NA,NA,1,1,2,2,NA,NA,NA,NA,2,2,2,2,NA,NA,NA,NA,2,2,3,3,NA,NA,NA,NA,3,3,3,3,NA,NA,NA,NA,4,4,2,2
"45",1,5.2,3,3,4,4,4,4,NA,NA,4,4,4,4,4,4,NA,NA,4,4,4,4,4,4,NA,NA,4,4,4,4,3,3,NA,NA,2,2,1,1,1,1,NA,NA,2,2,1,1,1,1,NA,NA,2,2,4,4,3,3,NA,NA,2,2,4,4,4,4,NA,NA,4,4,4,4,4,4,NA,NA
"46",1,19.3,4,4,4,4,NA,NA,NA,NA,4,4,4,4,NA,NA,NA,NA,4,4,3,3,NA,NA,NA,NA,4,4,4,4,NA,NA,NA,NA,1,1,1,1,NA,NA,NA,NA,1,1,1,1,NA,NA,NA,NA,2,2,3,3,NA,NA,NA,NA,4,4,2,2,NA,NA,NA,NA,4,4,4,4,NA,NA,NA,NA
"47",1,15.1,NA,NA,3,3,4,4,NA,NA,NA,NA,3,3,4,4,NA,NA,NA,NA,3,3,4,4,NA,NA,NA,NA,4,4,4,4,NA,NA,NA,NA,1,1,1,1,NA,NA,NA,NA,1,1,1,1,NA,NA,NA,NA,3,3,2,2,NA,NA,NA,NA,3,3,4,4,NA,NA,NA,NA,2,2,4,4,NA,NA
"48",2,12.2,4,4,4,4,4,4,3,3,4,4,4,4,4,4,4,4,4,4,4,4,4,4,3,3,4,4,3,3,4,4,4,4,1,1,1,1,1,1,1,1,1,1,1,1,1,1,1,1,3,3,4,4,4,4,3,3,3,3,4,4,3,3,3,3,3,3,3,3,4,4,NA,NA
"49",1,7.2,3,3,NA,NA,3,3,4,4,2,2,NA,NA,3,3,4,4,2,2,NA,NA,3,3,4,4,3,3,NA,NA,4,4,3,3,1,1,NA,NA,1,1,2,2,1,1,NA,NA,1,1,1,1,1,1,NA,NA,4,4,3,3,3,3,NA,NA,2,2,3,3,2,2,NA,NA,2,2,3,3
"50",1,19.3,4,4,4,4,NA,NA,NA,NA,4,4,4,4,NA,NA,NA,NA,4,4,4,4,NA,NA,NA,NA,4,4,4,4,NA,NA,NA,NA,1,1,1,1,NA,NA,NA,NA,1,1,1,1,NA,NA,NA,NA,2,2,4,4,NA,NA,NA,NA,4,4,2,2,NA,NA,NA,NA,4,4,4,4,NA,NA,NA,NA
"51",2,20.1,NA,NA,4,4,4,4,4,4,NA,NA,4,4,3,3,4,4,NA,NA,4,4,4,4,4,4,NA,NA,4,4,4,4,4,4,NA,NA,2,2,1,1,1,1,NA,NA,2,2,1,1,1,1,NA,NA,3,3,3,3,4,4,NA,NA,3,3,4,4,4,4,NA,NA,3,3,3,3,4,4
"52",2,7.2,4,4,3,3,4,4,4,4,4,4,4,4,NA,NA,4,4,4,4,4,4,NA,NA,4,4,2,2,1,1,3,3,4,4,2,2,2,2,1,1,1,1,1,1,2,2,1,1,4,4,2,2,3,3,2,2,4,4,2,2,4,4,3,3,2,2,4,4,3,3,3,3,3,3
"53",1,16.2,NA,NA,3,3,4,4,4,4,NA,NA,4,4,4,4,4,4,NA,NA,4,4,4,4,4,4,NA,NA,3,3,4,4,3,3,NA,NA,1,1,1,1,2,2,NA,NA,1,1,4,4,1,1,NA,NA,3,3,4,4,4,4,NA,NA,4,4,1,1,4,4,NA,NA,4,4,4,4,4,4
"54",1,2.1,4,4,4,4,4,4,NA,NA,2,2,4,4,4,4,NA,NA,4,4,4,4,3,3,NA,NA,4,4,4,4,4,4,NA,NA,1,1,1,1,1,1,NA,NA,1,1,1,1,1,1,NA,NA,3,3,3,3,4,4,NA,NA,1,1,4,4,4,4,NA,NA,3,3,1,1,4,4,NA,NA
"55",2,17.1,4,4,4,4,4,4,4,4,3,3,3,3,4,4,4,4,3,3,3,3,4,4,4,4,4,4,4,4,4,4,3,3,1,1,1,1,1,1,1,1,1,1,1,1,1,1,1,1,4,4,3,3,4,4,4,4,3,3,2,2,3,3,4,4,2,2,2,2,3,3,3,3
"56",2,25.1,1,1,4,4,NA,NA,4,4,4,4,4,4,NA,NA,4,4,4,4,4,4,NA,NA,4,4,3,3,4,4,NA,NA,4,4,1,1,1,1,1,1,1,1,1,1,1,1,1,1,1,1,2,2,3,3,NA,NA,4,4,2,2,4,4,NA,NA,3,3,4,4,4,4,NA,NA,3,3
"57",1,5.2,3,3,3,3,4,4,NA,NA,4,4,4,4,4,4,NA,NA,4,4,3,3,4,4,NA,NA,4,4,4,4,3,3,NA,NA,2,2,2,2,1,1,NA,NA,2,2,2,2,1,1,NA,NA,2,2,2,2,3,3,NA,NA,2,2,2,2,4,4,NA,NA,2,2,2,2,4,4,NA,NA
"58",2,3.3,4,4,4,4,4,4,4,4,4,4,4,4,4,4,4,4,4,4,4,4,4,4,4,4,4,4,4,4,2,2,3,3,1,1,1,1,1,1,1,1,2,2,1,1,2,2,1,1,4,4,4,4,2,2,4,4,1,1,4,4,1,1,3,3,4,4,4,4,4,4,4,4
"59",2,14.1,NA,NA,NA,NA,4,4,3,3,NA,NA,NA,NA,4,4,4,4,NA,NA,NA,NA,3,3,4,4,NA,NA,NA,NA,2,2,3,3,NA,NA,NA,NA,4,4,2,2,NA,NA,NA,NA,3,3,2,2,NA,NA,NA,NA,3,3,3,3,NA,NA,NA,NA,2,2,4,4,NA,NA,NA,NA,3,3,3,3
"60",1,3.3,NA,NA,NA,NA,NA,NA,3,3,4,4,NA,NA,NA,NA,3,3,4,4,NA,NA,NA,NA,3,3,4,4,NA,NA,NA,NA,2,2,1,1,NA,NA,NA,NA,1,1,1,1,NA,NA,NA,NA,1,1,4,4,NA,NA,NA,NA,2,2,1,1,NA,NA,NA,NA,2,2,4,4,NA,NA,NA,NA,2,2
"61",1,13.1,NA,NA,3,3,3,3,4,4,NA,NA,4,4,3,3,4,4,NA,NA,4,4,4,4,4,4,NA,NA,4,4,3,3,3,3,NA,NA,2,2,1,1,1,1,NA,NA,1,1,1,1,1,1,NA,NA,2,2,3,3,3,3,NA,NA,4,4,2,2,3,3,NA,NA,2,2,3,3,2,2
"62",1,21.2,3,3,4,4,3,3,4,4,3,3,3,3,3,3,4,4,3,3,3,3,3,3,4,4,3,3,4,4,4,4,4,4,2,2,1,1,1,1,1,1,2,2,1,1,1,1,1,1,2,2,3,3,4,4,4,4,3,3,3,3,1,1,1,1,2,2,3,3,4,4,4,4
"63",1,18.2,4,4,3,3,3,3,4,4,2,2,3,3,3,3,4,4,3,3,3,3,3,3,4,4,3,3,4,4,4,4,4,4,3,3,1,1,2,2,3,3,2,2,1,1,1,1,2,2,3,3,3,3,2,2,3,3,3,3,3,3,3,3,3,3,4,4,3,3,2,2,3,3
"64",2,14.1,NA,NA,NA,NA,4,4,3,3,NA,NA,NA,NA,4,4,4,4,NA,NA,NA,NA,4,4,3,3,NA,NA,NA,NA,4,4,3,3,NA,NA,NA,NA,1,1,2,2,NA,NA,NA,NA,1,1,1,1,NA,NA,NA,NA,4,4,3,3,NA,NA,NA,NA,4,4,2,2,NA,NA,NA,NA,3,3,2,2
"65",1,17.1,4,NA,4,4,3,3,NA,NA,4,NA,4,4,3,3,NA,NA,1,NA,3,3,3,3,NA,NA,3,NA,4,4,NA,NA,NA,NA,1,NA,1,1,1,1,NA,NA,1,NA,1,1,1,1,NA,NA,4,NA,3,3,2,2,NA,NA,3,NA,3,3,3,3,NA,NA,2,NA,2,2,3,3,NA,NA
"66",1,12.2,4,4,4,4,3,3,2,2,4,4,4,4,4,4,4,4,4,4,4,4,4,4,3,3,4,4,2,2,2,2,4,4,1,1,1,1,1,1,1,1,1,1,1,1,2,2,1,1,3,3,4,4,3,3,3,3,3,3,4,4,3,3,3,3,3,3,4,4,4,4,NA,NA
"67",1,24.1,3,3,NA,NA,4,4,NA,NA,4,4,NA,NA,4,4,NA,NA,4,4,NA,NA,4,4,NA,NA,2,2,NA,NA,4,4,NA,NA,1,1,NA,NA,1,1,NA,NA,2,2,NA,NA,1,1,NA,NA,4,4,NA,NA,4,4,NA,NA,3,3,NA,NA,3,3,NA,NA,3,3,NA,NA,4,4,NA,NA
"68",1,10.4,4,4,4,4,4,4,4,4,4,4,3,3,4,4,4,4,4,4,3,3,4,4,4,4,2,2,4,4,4,4,1,1,1,1,1,1,1,1,1,1,1,1,1,1,1,1,1,1,4,4,4,4,4,4,4,4,1,1,2,2,4,4,2,2,4,4,4,4,4,4,4,4
"69",1,7.2,4,4,4,4,4,4,NA,NA,4,4,4,4,4,4,NA,NA,4,4,4,4,4,4,NA,NA,1,1,2,2,3,3,NA,NA,1,1,2,2,1,1,NA,NA,3,3,3,3,2,2,NA,NA,1,1,1,1,2,2,NA,NA,1,1,4,4,3,3,NA,NA,3,3,4,4,3,3,NA,NA
"70",1,3.1,NA,NA,2,2,NA,NA,2,2,NA,NA,4,4,NA,NA,2,2,NA,NA,3,3,NA,NA,2,2,NA,NA,3,3,NA,NA,1,1,NA,NA,2,2,NA,NA,2,2,NA,NA,1,1,NA,NA,1,1,NA,NA,2,2,NA,NA,1,1,NA,NA,2,2,NA,NA,1,1,NA,NA,2,2,NA,NA,1,1
"71",1,14.1,NA,NA,NA,NA,4,4,3,3,NA,NA,NA,NA,4,4,3,3,NA,NA,NA,NA,3,3,3,3,NA,NA,NA,NA,4,4,3,3,NA,NA,NA,NA,1,1,3,3,NA,NA,NA,NA,1,1,1,1,NA,NA,NA,NA,4,4,1,1,NA,NA,NA,NA,4,4,3,3,NA,NA,NA,NA,3,3,2,2
"72",1,3.4,NA,NA,4,4,4,4,4,4,NA,NA,4,4,4,4,4,4,NA,NA,4,4,4,4,4,4,NA,NA,4,4,2,2,4,4,NA,NA,1,1,1,1,1,1,NA,NA,1,1,1,1,1,1,NA,NA,4,4,4,4,4,4,NA,NA,4,4,2,2,2,2,NA,NA,4,4,2,2,2,2
"73",2,3.2,NA,NA,NA,NA,NA,NA,3,3,NA,NA,NA,NA,NA,NA,4,4,NA,NA,NA,NA,NA,NA,4,4,NA,NA,NA,NA,NA,NA,3,3,NA,NA,NA,NA,NA,NA,1,1,NA,NA,NA,NA,NA,NA,1,1,NA,NA,NA,NA,NA,NA,4,4,NA,NA,NA,NA,NA,NA,3,3,NA,NA,NA,NA,NA,NA,4,4
"74",2,1.1,NA,NA,NA,NA,4,4,NA,NA,NA,NA,NA,NA,4,4,NA,NA,NA,NA,NA,NA,NA,NA,NA,NA,NA,NA,NA,NA,3,3,NA,NA,NA,NA,NA,NA,1,1,NA,NA,NA,NA,NA,NA,1,1,NA,NA,NA,NA,NA,NA,4,4,NA,NA,NA,NA,NA,NA,1,1,NA,NA,NA,NA,NA,NA,4,4,NA,NA
"75",1,17.1,3,3,4,4,3,3,3,3,2,2,4,4,4,4,4,4,3,3,4,4,4,4,3,3,3,3,3,3,4,4,3,3,1,1,1,1,1,1,1,1,2,2,1,1,1,1,1,1,2,2,2,2,4,4,2,2,2,2,2,2,2,2,1,1,2,2,2,2,2,2,1,1
"76",1,2.1,NA,NA,4,4,4,4,NA,NA,NA,NA,4,4,4,4,NA,NA,NA,NA,4,4,4,4,NA,NA,NA,NA,4,4,4,4,NA,NA,NA,NA,1,1,1,1,NA,NA,NA,NA,1,1,1,1,NA,NA,NA,NA,3,3,4,4,NA,NA,NA,NA,4,4,2,2,NA,NA,NA,NA,1,1,4,4,NA,NA
"77",1,7.2,4,4,4,4,4,4,NA,NA,3,3,4,4,3,3,NA,NA,3,3,4,4,3,3,NA,NA,2,2,1,1,2,2,NA,NA,1,1,1,1,1,1,NA,NA,1,1,1,1,2,2,NA,NA,1,1,2,2,2,2,NA,NA,2,2,4,4,2,2,NA,NA,2,2,4,4,2,2,NA,NA
"78",1,12.2,NA,NA,4,4,3,3,2,2,NA,NA,4,4,3,3,4,4,NA,NA,4,4,3,3,3,3,NA,NA,3,3,3,3,3,3,NA,NA,1,1,1,1,1,1,NA,NA,1,1,1,1,1,1,NA,NA,4,4,2,2,3,3,NA,NA,2,2,2,2,4,4,NA,NA,2,2,2,2,NA,NA
"79",1,10.4,NA,NA,4,4,2,2,NA,NA,NA,NA,4,4,2,2,NA,NA,NA,NA,4,4,2,2,NA,NA,NA,NA,4,4,2,2,NA,NA,NA,NA,1,1,2,2,NA,NA,NA,NA,1,1,2,2,NA,NA,NA,NA,4,4,3,3,NA,NA,NA,NA,2,2,4,4,NA,NA,NA,NA,2,2,1,1,NA,NA
"80",1,22.2,4,4,3,3,3,3,2,2,4,4,3,3,3,3,2,2,4,4,3,3,3,3,3,3,3,3,3,3,3,3,NA,NA,1,1,2,2,1,1,1,1,1,1,2,2,2,2,2,2,NA,NA,2,2,3,3,2,2,NA,NA,2,2,3,3,2,2,2,2,2,2,2,2,3,3
"81",1,15.1,NA,NA,3,3,4,4,4,4,NA,NA,3,3,4,4,4,4,NA,NA,3,3,4,4,4,4,NA,NA,4,4,4,4,4,4,NA,NA,1,1,1,1,1,1,NA,NA,1,1,1,1,1,1,NA,NA,3,3,3,3,4,4,NA,NA,3,3,4,4,4,4,NA,NA,3,3,4,4,4,4
"82",2,18.1,4,4,4,4,4,4,2,2,4,4,4,4,3,3,4,4,4,4,4,4,3,3,4,4,2,2,2,2,2,2,2,2,1,1,1,1,1,1,2,2,1,1,1,1,2,2,1,1,4,4,3,3,3,3,4,4,2,2,4,4,3,3,4,4,4,4,2,2,3,3,3,3
"83",1,16.2,4,4,NA,NA,4,4,NA,NA,4,4,NA,NA,4,4,NA,NA,4,4,NA,NA,4,4,NA,NA,3,3,NA,NA,4,4,NA,NA,1,1,NA,NA,2,2,NA,NA,1,1,NA,NA,NA,NA,NA,NA,3,3,NA,NA,3,3,NA,NA,3,3,NA,NA,4,4,NA,NA,2,2,NA,NA,3,3,NA,NA
"84",1,25.2,4,4,4,4,NA,NA,3,3,4,4,4,4,NA,NA,4,4,4,4,4,4,NA,NA,4,4,4,4,3,3,NA,NA,2,2,1,1,1,1,1,1,2,2,1,1,4,4,1,1,2,2,3,3,3,3,NA,NA,4,4,1,1,3,3,NA,NA,3,3,4,4,4,4,NA,NA,3,3
"85",1,10.3,3,3,NA,NA,3,3,NA,NA,3,3,NA,NA,4,4,NA,NA,3,3,NA,NA,3,3,NA,NA,4,4,NA,NA,4,4,NA,NA,1,1,NA,NA,1,1,NA,NA,1,1,NA,NA,1,1,NA,NA,2,2,NA,NA,2,2,NA,NA,1,1,NA,NA,3,3,NA,NA,4,4,NA,NA,3,3,NA,NA
"86",1,10.2,3,3,3,3,4,4,3,3,4,4,4,4,4,4,3,3,4,4,4,4,4,4,3,3,2,2,2,2,2,2,2,2,1,1,1,1,1,1,2,2,2,2,1,1,1,1,1,1,2,2,3,3,3,3,3,3,1,1,1,1,3,3,3,3,4,4,4,4,4,4,4,4
"87",1,14.1,NA,NA,NA,NA,4,4,4,4,NA,NA,NA,NA,4,4,4,4,NA,NA,NA,NA,3,3,4,4,NA,NA,NA,NA,2,2,4,4,NA,NA,NA,NA,4,4,1,1,NA,NA,NA,NA,4,4,1,1,NA,NA,NA,NA,4,4,4,4,NA,NA,NA,NA,3,3,3,3,NA,NA,NA,NA,4,4,3,3
"88",1,7.2,4,4,4,4,3,3,3,3,2,2,4,4,2,2,4,4,2,2,4,4,2,2,3,3,3,3,3,3,4,4,4,4,1,1,1,1,1,1,1,1,1,1,1,1,3,3,4,4,1,1,3,3,3,3,2,2,2,2,4,4,2,2,2,2,2,2,3,3,2,2,3,3
"89",1,2.1,4,NA,4,4,4,4,NA,NA,3,NA,4,4,4,4,NA,NA,4,NA,4,4,4,4,NA,NA,4,NA,4,4,4,4,NA,NA,1,NA,1,1,1,1,NA,NA,1,NA,1,1,1,1,NA,NA,4,NA,4,4,4,4,NA,NA,3,NA,4,4,2,2,NA,NA,4,NA,1,1,2,2,NA,NA
"90",1,18.4,4,4,3,3,4,4,NA,NA,3,3,3,3,3,3,NA,NA,3,3,3,3,3,3,NA,NA,4,4,4,4,3,3,NA,NA,1,1,1,1,1,1,NA,NA,1,1,1,1,1,1,NA,NA,4,4,3,3,2,2,NA,NA,1,1,2,2,3,3,NA,NA,4,4,4,4,3,3,NA,NA
"91",2,19.3,4,4,4,4,NA,NA,NA,NA,4,4,4,4,NA,NA,NA,NA,4,4,4,4,NA,NA,NA,NA,4,4,4,4,NA,NA,NA,NA,1,1,1,1,NA,NA,NA,NA,1,1,1,1,NA,NA,NA,NA,2,2,4,4,NA,NA,NA,NA,4,4,2,2,NA,NA,NA,NA,4,4,4,4,NA,NA,NA,NA
"92",2,16.2,4,4,4,4,2,2,4,4,4,4,4,4,3,3,3,3,4,4,4,4,3,3,4,4,3,3,4,4,3,3,4,4,1,1,1,1,2,2,1,1,1,1,1,1,2,2,2,2,3,3,3,3,2,2,3,3,3,3,3,3,3,3,3,3,3,3,2,2,3,3,2,2
"93",2,16.2,NA,NA,NA,NA,NA,NA,NA,NA,NA,NA,NA,NA,NA,NA,NA,NA,NA,NA,NA,NA,NA,NA,NA,NA,NA,NA,NA,NA,NA,NA,NA,NA,NA,NA,NA,NA,NA,NA,NA,NA,NA,NA,NA,NA,NA,NA,NA,NA,NA,NA,NA,NA,NA,NA,NA,NA,NA,NA,NA,NA,NA,NA,NA,NA,NA,NA,NA,NA,NA,NA,NA,NA
"94",2,5.2,NA,NA,NA,NA,NA,NA,4,4,NA,NA,NA,NA,NA,NA,4,4,NA,NA,NA,NA,NA,NA,4,4,NA,NA,NA,NA,NA,NA,3,3,NA,NA,NA,NA,NA,NA,1,1,NA,NA,NA,NA,NA,NA,1,1,NA,NA,NA,NA,NA,NA,3,3,NA,NA,NA,NA,NA,NA,3,3,NA,NA,NA,NA,NA,NA,3,3
"95",2,24.1,4,4,NA,NA,4,4,NA,NA,4,4,NA,NA,4,4,NA,NA,4,4,NA,NA,4,4,NA,NA,3,3,NA,NA,4,4,NA,NA,1,1,NA,NA,1,1,NA,NA,1,1,NA,NA,1,1,NA,NA,3,3,NA,NA,4,4,NA,NA,2,2,NA,NA,3,3,NA,NA,3,3,NA,NA,3,3,NA,NA
"96",1,13.2,2,2,3,3,3,3,NA,NA,4,4,4,4,3,3,NA,NA,3,3,3,3,4,4,NA,NA,2,2,4,4,3,3,NA,NA,3,3,2,2,2,2,NA,NA,2,2,2,2,1,1,NA,NA,2,2,4,4,3,3,NA,NA,3,3,4,4,2,2,NA,NA,2,2,2,2,3,3,NA,NA
"97",2,4.1,4,4,4,4,4,4,NA,NA,3,3,4,4,4,4,NA,NA,3,3,4,4,4,4,NA,NA,3,3,4,4,3,3,NA,NA,1,1,1,1,1,1,NA,NA,1,1,1,1,1,1,NA,NA,3,3,3,3,3,3,NA,NA,2,2,3,3,4,4,NA,NA,4,4,3,3,4,4,NA,NA
"98",2,5.2,NA,NA,4,4,4,4,NA,NA,NA,NA,4,4,4,4,NA,NA,NA,NA,4,4,4,4,NA,NA,NA,NA,4,4,4,4,NA,NA,NA,NA,1,1,1,1,NA,NA,NA,NA,1,1,1,1,NA,NA,NA,NA,4,4,4,4,NA,NA,NA,NA,4,4,4,4,NA,NA,NA,NA,4,4,4,4,NA,NA
"99",2,21.1,4,4,4,4,2,2,4,4,4,4,4,4,3,3,4,4,4,4,4,4,3,3,4,4,3,3,4,4,4,4,4,4,1,1,4,4,2,2,1,1,1,1,1,1,2,2,1,1,3,3,4,4,2,2,4,4,4,4,3,3,1,1,1,1,3,3,4,4,4,4,4,4
"100",2,11.1,4,4,4,4,4,4,NA,NA,3,3,4,4,4,4,NA,NA,4,4,4,4,4,4,NA,NA,3,3,4,4,4,4,NA,NA,1,1,1,1,1,1,NA,NA,1,1,1,1,1,1,NA,NA,3,3,4,4,4,4,NA,NA,3,3,4,4,4,4,NA,NA,3,3,4,4,4,4,NA,NA
"101",1,10.4,NA,NA,NA,NA,4,4,NA,NA,NA,NA,NA,NA,4,4,NA,NA,NA,NA,NA,NA,4,4,NA,NA,NA,NA,NA,NA,4,4,NA,NA,NA,NA,NA,NA,1,1,NA,NA,NA,NA,NA,NA,1,1,NA,NA,NA,NA,NA,NA,4,4,NA,NA,NA,NA,NA,NA,4,4,NA,NA,NA,NA,NA,NA,4,4,NA,NA
"102",1,13.1,3,3,NA,NA,NA,NA,NA,NA,4,4,NA,NA,NA,NA,NA,NA,3,3,NA,NA,NA,NA,NA,NA,2,2,NA,NA,NA,NA,NA,NA,1,1,NA,NA,NA,NA,NA,NA,2,2,NA,NA,NA,NA,NA,NA,2,2,NA,NA,NA,NA,NA,NA,2,2,NA,NA,NA,NA,NA,NA,1,1,NA,NA,NA,NA,NA,NA
"103",2,18.2,4,4,4,4,3,3,NA,NA,3,3,3,3,3,3,NA,NA,3,3,3,3,3,3,NA,NA,3,3,4,4,4,4,NA,NA,2,2,1,1,2,2,NA,NA,1,1,1,1,1,1,NA,NA,3,3,3,3,3,3,NA,NA,3,3,3,3,3,3,NA,NA,2,2,3,3,2,2,NA,NA
"104",2,3.2,4,NA,4,4,4,4,NA,NA,4,NA,4,4,3,3,NA,NA,4,NA,4,4,3,3,NA,NA,3,NA,3,3,4,4,NA,NA,1,NA,1,1,1,1,NA,NA,1,NA,1,1,1,1,NA,NA,2,NA,3,3,3,3,NA,NA,3,NA,3,3,3,3,NA,NA,3,NA,3,3,3,3,NA,NA
"105",1,7.1,3,3,4,4,4,4,4,4,4,4,NA,NA,3,3,4,4,3,3,4,4,3,3,4,4,2,2,3,3,4,4,4,4,1,1,1,1,1,1,1,1,4,4,1,1,3,3,1,1,2,2,3,3,3,3,4,4,1,1,2,2,2,2,3,3,4,4,2,2,3,3,3,3
"106",1,7.2,4,4,NA,NA,4,4,NA,NA,2,2,NA,NA,4,4,NA,NA,2,2,NA,NA,4,4,NA,NA,3,3,NA,NA,4,4,NA,NA,1,1,NA,NA,2,2,NA,NA,2,2,NA,NA,1,1,NA,NA,1,1,NA,NA,4,4,NA,NA,2,2,NA,NA,4,4,NA,NA,2,2,NA,NA,4,4,NA,NA
"107",1,15.1,4,4,3,3,4,4,3,3,4,4,3,3,4,4,3,3,4,4,3,3,4,4,3,3,4,4,4,4,1,1,3,3,1,1,1,1,2,2,1,1,1,1,1,1,2,2,2,2,4,4,2,2,3,3,2,2,1,1,2,2,3,3,2,2,3,3,3,3,3,3,2,2
"108",1,5.2,NA,NA,NA,NA,NA,NA,NA,NA,NA,NA,NA,NA,NA,NA,NA,NA,NA,NA,NA,NA,NA,NA,NA,NA,NA,NA,NA,NA,NA,NA,NA,NA,NA,NA,NA,NA,NA,NA,NA,NA,NA,NA,NA,NA,NA,NA,NA,NA,NA,NA,NA,NA,NA,NA,NA,NA,NA,NA,NA,NA,NA,NA,NA,NA,NA,NA,NA,NA,NA,NA,NA,NA
"109",1,5.1,4,4,NA,NA,3,3,NA,NA,3,3,NA,NA,3,3,NA,NA,2,2,NA,NA,3,3,NA,NA,2,2,NA,NA,3,3,NA,NA,1,1,NA,NA,1,1,NA,NA,2,2,NA,NA,1,1,NA,NA,1,1,NA,NA,2,2,NA,NA,2,2,NA,NA,2,2,NA,NA,3,3,NA,NA,2,2,NA,NA
"110",2,11.1,NA,NA,4,4,4,4,NA,NA,NA,NA,4,4,4,4,NA,NA,NA,NA,4,4,4,4,NA,NA,NA,NA,4,4,4,4,NA,NA,NA,NA,1,1,1,1,NA,NA,NA,NA,1,1,1,1,NA,NA,NA,NA,4,4,4,4,NA,NA,NA,NA,4,4,4,4,NA,NA,NA,NA,3,3,3,3,NA,NA
"111",1,10.4,4,4,4,4,4,4,3,3,4,4,4,4,4,4,4,4,4,4,4,4,4,4,4,4,2,2,3,3,4,4,2,2,1,1,1,1,1,1,1,1,1,1,2,2,1,1,2,2,4,4,4,4,4,4,3,3,1,1,2,2,4,4,3,3,3,3,4,4,4,4,4,4
"112",2,18.2,4,4,NA,NA,4,4,NA,NA,3,3,NA,NA,3,3,NA,NA,3,3,NA,NA,4,4,NA,NA,3,3,NA,NA,4,4,NA,NA,2,2,NA,NA,1,1,NA,NA,1,1,NA,NA,1,1,NA,NA,3,3,NA,NA,2,2,NA,NA,3,3,NA,NA,3,3,NA,NA,2,2,NA,NA,3,3,NA,NA
"113",2,18.1,4,4,2,2,3,3,2,2,4,4,4,4,3,3,4,4,3,3,3,3,3,3,4,4,2,2,2,2,2,2,1,1,1,1,2,2,2,2,2,2,1,1,3,3,2,2,2,2,2,2,2,2,2,2,4,4,2,2,NA,NA,3,3,1,1,3,3,2,2,3,3,2,2
"114",2,18.1,4,4,4,4,4,4,4,4,4,4,4,4,3,3,4,4,4,4,4,4,3,3,4,4,2,2,2,2,2,2,4,4,1,1,1,1,1,1,1,1,1,1,1,1,2,2,1,1,4,4,3,3,3,3,4,4,2,2,4,4,3,3,4,4,4,4,2,2,3,3,4,4
"115",1,3.1,4,4,NA,NA,NA,NA,NA,NA,3,3,NA,NA,NA,NA,NA,NA,4,4,NA,NA,NA,NA,NA,NA,4,4,NA,NA,NA,NA,NA,NA,1,1,NA,NA,NA,NA,NA,NA,1,1,NA,NA,NA,NA,NA,NA,4,4,NA,NA,NA,NA,NA,NA,4,4,NA,NA,NA,NA,NA,NA,2,2,NA,NA,NA,NA,NA,NA
"116",2,14.1,NA,NA,NA,NA,4,4,3,3,NA,NA,NA,NA,4,4,4,4,NA,NA,NA,NA,4,4,3,3,NA,NA,NA,NA,4,4,3,3,NA,NA,NA,NA,1,1,1,1,NA,NA,NA,NA,1,1,2,2,NA,NA,NA,NA,4,4,3,3,NA,NA,NA,NA,4,4,2,2,NA,NA,NA,NA,4,4,3,3
"117",2,14.1,NA,NA,NA,NA,4,4,4,4,NA,NA,NA,NA,4,4,4,4,NA,NA,NA,NA,3,3,4,4,NA,NA,NA,NA,2,2,3,3,NA,NA,NA,NA,4,4,2,2,NA,NA,NA,NA,2,2,2,2,NA,NA,NA,NA,4,4,4,4,NA,NA,NA,NA,2,2,2,2,NA,NA,NA,NA,4,4,3,3
"118",2,18.4,4,4,3,3,4,4,NA,NA,3,3,3,3,3,3,NA,NA,3,3,3,3,3,3,NA,NA,3,3,4,4,3,3,NA,NA,1,1,1,1,1,1,NA,NA,1,1,1,1,1,1,NA,NA,3,3,3,3,2,2,NA,NA,1,1,2,2,3,3,NA,NA,2,2,1,1,3,3,NA,NA
"119",2,5.2,4,4,NA,NA,NA,NA,4,4,4,4,4,4,NA,NA,4,4,4,4,3,3,NA,NA,4,4,4,4,4,4,NA,NA,3,3,1,1,1,1,NA,NA,1,1,1,1,1,1,NA,NA,1,1,3,3,3,3,NA,NA,3,3,2,2,3,3,NA,NA,2,2,2,2,2,2,NA,NA,2,2
"120",1,10.1,NA,NA,NA,NA,4,4,NA,NA,NA,NA,NA,NA,4,4,NA,NA,NA,NA,NA,NA,4,4,NA,NA,NA,NA,NA,NA,4,4,NA,NA,NA,NA,NA,NA,1,1,NA,NA,NA,NA,NA,NA,1,1,NA,NA,NA,NA,NA,NA,3,3,NA,NA,NA,NA,NA,NA,2,2,NA,NA,NA,NA,NA,NA,1,1,NA,NA
"121",2,13.2,4,4,4,4,3,3,4,4,4,4,4,4,3,3,3,3,4,4,4,4,4,4,3,3,3,3,4,4,3,3,3,3,1,1,1,1,2,2,1,1,1,1,1,1,1,1,1,1,3,3,4,4,3,3,3,3,3,3,4,4,2,2,3,3,3,3,4,4,3,3,3,3
"122",2,3.3,4,4,4,4,4,4,NA,NA,4,4,4,4,4,4,NA,NA,4,4,4,4,4,4,NA,NA,4,4,4,4,4,4,NA,NA,1,1,1,1,1,1,NA,NA,1,1,1,1,1,1,NA,NA,4,4,4,4,4,4,NA,NA,1,1,4,4,4,4,NA,NA,4,4,4,4,4,4,NA,NA
"123",1,15.1,4,4,3,3,4,4,NA,NA,4,4,3,3,3,3,NA,NA,4,4,3,3,3,3,NA,NA,3,3,4,4,4,4,NA,NA,1,1,1,1,1,1,NA,NA,2,2,1,1,1,1,NA,NA,4,4,2,2,4,4,NA,NA,1,1,3,3,4,4,NA,NA,4,4,3,3,4,4,NA,NA
"124",1,7.2,2,2,3,3,3,3,2,2,4,4,4,4,NA,NA,4,4,4,4,4,4,3,3,4,4,1,1,1,1,2,2,3,3,3,3,3,3,2,2,3,3,4,4,3,3,3,3,2,2,2,2,1,1,3,3,4,4,1,1,2,2,2,2,4,4,4,4,4,4,3,3,4,4
"125",1,1.1,NA,NA,NA,NA,4,4,NA,NA,NA,NA,NA,NA,4,4,NA,NA,NA,NA,NA,NA,4,4,NA,NA,NA,NA,NA,NA,4,4,NA,NA,NA,NA,NA,NA,1,1,NA,NA,NA,NA,NA,NA,1,1,NA,NA,NA,NA,NA,NA,4,4,NA,NA,NA,NA,NA,NA,4,4,NA,NA,NA,NA,NA,NA,4,4,NA,NA
"126",1,7.2,4,4,3,3,3,3,3,3,4,4,4,4,4,4,4,4,4,4,4,4,3,3,4,4,4,4,1,1,3,3,2,2,1,1,2,2,1,1,1,1,1,1,2,2,2,2,1,1,3,3,1,1,4,4,4,4,1,1,4,4,3,3,4,4,3,3,2,2,2,2,4,4
"127",2,11.1,NA,NA,4,4,4,4,NA,NA,NA,NA,4,4,4,4,NA,NA,NA,NA,4,4,3,3,NA,NA,NA,NA,3,3,4,4,NA,NA,NA,NA,1,1,1,1,NA,NA,NA,NA,2,2,2,2,NA,NA,NA,NA,4,4,4,4,NA,NA,NA,NA,4,4,4,4,NA,NA,NA,NA,4,4,4,4,NA,NA
"128",2,10.4,4,4,4,4,4,4,NA,NA,4,4,3,3,4,4,NA,NA,4,4,3,3,4,4,NA,NA,3,3,4,4,4,4,NA,NA,1,1,1,1,1,1,NA,NA,1,1,1,1,1,1,NA,NA,4,4,4,4,4,4,NA,NA,1,1,2,2,4,4,NA,NA,4,4,4,4,4,4,NA,NA
"129",2,8.2,NA,NA,3,3,4,4,NA,NA,NA,NA,4,4,4,4,NA,NA,NA,NA,3,3,4,4,NA,NA,NA,NA,2,2,4,4,NA,NA,NA,NA,1,1,1,1,NA,NA,NA,NA,2,2,1,1,NA,NA,NA,NA,2,2,4,4,NA,NA,NA,NA,2,2,4,4,NA,NA,NA,NA,2,2,4,4,NA,NA
"130",1,13.1,3,3,2,2,3,3,3,3,4,4,3,3,4,4,4,4,4,4,3,3,4,4,4,4,3,3,2,2,2,2,3,3,1,1,3,3,1,1,1,1,2,2,3,3,2,2,1,1,2,2,2,2,4,4,4,4,3,3,2,2,3,3,4,4,2,2,2,2,4,4,4,4
"131",1,3.4,2,2,NA,NA,NA,NA,NA,NA,3,3,NA,NA,NA,NA,NA,NA,3,3,NA,NA,NA,NA,NA,NA,2,2,NA,NA,NA,NA,NA,NA,2,2,NA,NA,NA,NA,NA,NA,2,2,NA,NA,NA,NA,NA,NA,3,3,NA,NA,NA,NA,NA,NA,1,1,NA,NA,NA,NA,NA,NA,3,3,NA,NA,NA,NA,NA,NA
"132",1,5.1,3,3,NA,NA,3,3,NA,NA,3,3,NA,NA,3,3,NA,NA,3,3,NA,NA,3,3,NA,NA,1,1,NA,NA,2,2,NA,NA,2,2,NA,NA,2,2,NA,NA,4,4,NA,NA,2,2,NA,NA,1,1,NA,NA,2,2,NA,NA,2,2,NA,NA,2,2,NA,NA,3,3,NA,NA,2,2,NA,NA
"133",2,22.2,4,4,NA,NA,3,3,NA,NA,4,4,NA,NA,3,3,NA,NA,4,4,NA,NA,3,3,NA,NA,4,4,NA,NA,3,3,NA,NA,1,1,NA,NA,1,1,NA,NA,1,1,NA,NA,1,1,NA,NA,4,4,NA,NA,3,3,NA,NA,1,1,NA,NA,3,3,NA,NA,4,4,NA,NA,3,3,NA,NA
"134",1,14.1,NA,NA,NA,NA,4,4,NA,NA,NA,NA,NA,NA,4,4,NA,NA,NA,NA,NA,NA,3,3,NA,NA,NA,NA,NA,NA,2,2,NA,NA,NA,NA,NA,NA,4,4,NA,NA,NA,NA,NA,NA,4,4,NA,NA,NA,NA,NA,NA,4,4,NA,NA,NA,NA,NA,NA,4,4,NA,NA,NA,NA,NA,NA,4,4,NA,NA
"135",2,5.2,NA,NA,NA,NA,NA,NA,NA,NA,NA,NA,NA,NA,NA,NA,NA,NA,NA,NA,NA,NA,NA,NA,NA,NA,NA,NA,NA,NA,NA,NA,NA,NA,NA,NA,NA,NA,NA,NA,NA,NA,NA,NA,NA,NA,NA,NA,NA,NA,NA,NA,NA,NA,NA,NA,NA,NA,NA,NA,NA,NA,NA,NA,NA,NA,NA,NA,NA,NA,NA,NA,NA,NA
"136",2,12.1,3,3,4,4,4,4,3,3,3,3,4,4,4,4,4,4,4,4,4,4,4,4,3,3,3,3,4,4,3,3,3,3,1,1,1,1,1,1,1,1,1,1,1,1,1,1,2,2,4,4,4,4,3,3,3,3,4,4,3,3,4,4,2,2,3,3,2,2,2,2,2,2
"137",2,23.1,3,3,NA,NA,2,2,4,4,2,2,NA,NA,2,2,4,4,3,3,NA,NA,3,3,4,4,2,2,NA,NA,4,4,4,4,1,1,NA,NA,2,2,1,1,1,1,NA,NA,1,1,1,1,2,2,NA,NA,2,2,3,3,1,1,NA,NA,2,2,2,2,1,1,NA,NA,2,2,2,2
"138",2,11.2,3,3,3,3,4,4,4,4,4,4,4,4,4,4,4,4,4,4,4,4,4,4,4,4,3,3,4,4,4,4,3,3,1,1,1,1,1,1,1,1,1,1,1,1,4,4,1,1,3,3,4,4,4,4,3,3,2,2,4,4,2,2,4,4,3,3,4,4,4,4,2,2
"139",2,7.1,3,3,4,4,4,4,NA,NA,4,4,NA,NA,4,4,NA,NA,4,4,4,4,4,4,NA,NA,2,2,4,4,4,4,NA,NA,1,1,1,1,1,1,NA,NA,3,3,1,1,2,2,NA,NA,2,2,3,3,4,4,NA,NA,2,2,3,3,4,4,NA,NA,3,3,3,3,3,3,NA,NA
"140",2,5.2,4,4,4,4,NA,NA,NA,NA,4,4,4,4,NA,NA,NA,NA,4,4,3,3,NA,NA,NA,NA,4,4,4,4,NA,NA,NA,NA,1,1,1,1,NA,NA,NA,NA,1,1,1,1,NA,NA,NA,NA,3,3,4,4,NA,NA,NA,NA,1,1,4,4,NA,NA,NA,NA,4,4,4,4,NA,NA,NA,NA
"141",2,20.1,NA,NA,4,4,4,4,NA,NA,NA,NA,4,4,3,3,NA,NA,NA,NA,4,4,4,4,NA,NA,NA,NA,4,4,4,4,NA,NA,NA,NA,2,2,1,1,NA,NA,NA,NA,2,2,1,1,NA,NA,NA,NA,3,3,3,3,NA,NA,NA,NA,3,3,4,4,NA,NA,NA,NA,3,3,3,3,NA,NA
"142",1,4.1,NA,NA,NA,NA,NA,NA,NA,NA,NA,NA,NA,NA,NA,NA,NA,NA,NA,NA,NA,NA,NA,NA,NA,NA,NA,NA,NA,NA,NA,NA,NA,NA,NA,NA,NA,NA,NA,NA,NA,NA,NA,NA,NA,NA,NA,NA,NA,NA,NA,NA,NA,NA,NA,NA,NA,NA,NA,NA,NA,NA,NA,NA,NA,NA,NA,NA,NA,NA,NA,NA,NA,NA
"143",2,10.4,NA,NA,NA,NA,NA,NA,NA,NA,NA,NA,NA,NA,NA,NA,NA,NA,NA,NA,NA,NA,NA,NA,NA,NA,NA,NA,NA,NA,NA,NA,NA,NA,NA,NA,NA,NA,NA,NA,NA,NA,NA,NA,NA,NA,NA,NA,NA,NA,NA,NA,NA,NA,NA,NA,NA,NA,NA,NA,NA,NA,NA,NA,NA,NA,NA,NA,NA,NA,NA,NA,NA,NA
"144",1,25.1,1,1,4,4,NA,NA,4,4,4,4,4,4,NA,NA,4,4,4,4,4,4,NA,NA,4,4,3,3,4,4,NA,NA,4,4,1,1,1,1,1,1,1,1,1,1,1,1,1,1,1,1,2,2,2,2,NA,NA,4,4,2,2,4,4,NA,NA,3,3,4,4,4,4,NA,NA,3,3
"145",2,14.1,NA,NA,NA,NA,4,4,3,3,NA,NA,NA,NA,4,4,4,4,NA,NA,NA,NA,4,4,4,4,NA,NA,NA,NA,4,4,2,2,NA,NA,NA,NA,1,1,1,1,NA,NA,NA,NA,1,1,1,1,NA,NA,NA,NA,4,4,3,3,NA,NA,NA,NA,4,4,3,3,NA,NA,NA,NA,4,4,3,3
"146",2,12.1,3,3,4,4,4,4,4,4,3,3,4,4,4,4,4,4,4,4,4,4,4,4,4,4,3,3,4,4,3,3,4,4,1,1,1,1,1,1,1,1,1,1,1,1,1,1,1,1,4,4,4,4,3,3,4,4,4,4,3,3,4,4,1,1,3,3,3,3,3,3,3,3
"147",1,5.2,NA,NA,NA,NA,3,3,NA,NA,NA,NA,NA,NA,3,3,NA,NA,NA,NA,NA,NA,3,3,NA,NA,NA,NA,NA,NA,2,2,NA,NA,NA,NA,NA,NA,1,1,NA,NA,NA,NA,NA,NA,2,2,NA,NA,NA,NA,NA,NA,2,2,NA,NA,NA,NA,NA,NA,2,2,NA,NA,NA,NA,NA,NA,2,2,NA,NA
"148",2,15.1,NA,NA,3,3,NA,NA,4,4,NA,NA,3,3,NA,NA,4,4,NA,NA,3,3,NA,NA,3,3,NA,NA,4,4,NA,NA,2,2,NA,NA,1,1,NA,NA,1,1,NA,NA,1,1,NA,NA,1,1,NA,NA,2,2,NA,NA,3,3,NA,NA,2,2,NA,NA,2,2,NA,NA,2,2,NA,NA,4,4
"149",2,13.2,4,4,4,4,4,4,4,4,4,4,4,4,4,4,3,3,4,4,4,4,4,4,NA,NA,3,3,4,4,4,4,3,3,1,1,1,1,1,1,3,3,1,1,1,1,1,1,1,1,3,3,4,4,3,3,1,1,3,3,4,4,2,2,3,3,3,3,4,4,4,4,3,3
"150",2,16.1,NA,NA,4,4,4,4,4,4,NA,NA,4,4,4,4,4,4,NA,NA,4,4,4,4,4,4,NA,NA,3,3,4,4,3,3,NA,NA,1,1,1,1,1,1,NA,NA,1,1,1,1,1,1,NA,NA,3,3,4,4,4,4,NA,NA,4,4,4,4,3,3,NA,NA,3,3,4,4,3,3
"151",2,7.2,4,4,4,4,4,4,4,4,4,4,3,3,4,4,4,4,4,4,3,3,4,4,4,4,4,4,2,2,4,4,1,1,1,1,1,1,1,1,1,1,1,1,1,1,1,1,1,1,2,2,2,2,4,4,4,4,2,2,4,4,3,3,4,4,4,4,4,4,4,4,3,3
"152",2,10.3,NA,NA,NA,NA,3,3,NA,NA,NA,NA,NA,NA,4,4,NA,NA,NA,NA,NA,NA,4,4,NA,NA,NA,NA,NA,NA,2,2,NA,NA,NA,NA,NA,NA,1,1,NA,NA,NA,NA,NA,NA,3,3,NA,NA,NA,NA,NA,NA,2,2,NA,NA,NA,NA,NA,NA,4,4,NA,NA,NA,NA,NA,NA,4,4,NA,NA
"153",2,2.1,4,NA,NA,NA,4,4,3,3,2,NA,NA,NA,4,4,4,4,4,NA,NA,NA,4,4,4,4,4,NA,NA,NA,4,4,2,2,1,NA,NA,NA,1,1,1,1,1,NA,NA,NA,1,1,2,2,3,NA,NA,NA,2,2,3,3,1,NA,NA,NA,4,4,3,3,4,NA,NA,NA,4,4,4,4
"154",2,12.2,4,4,4,4,4,4,NA,NA,4,4,4,4,4,4,NA,NA,4,4,4,4,4,4,NA,NA,4,4,4,4,3,3,NA,NA,1,1,1,1,1,1,NA,NA,1,1,1,1,1,1,NA,NA,3,3,4,4,3,3,NA,NA,3,3,4,4,3,3,NA,NA,4,4,4,4,4,4,NA,NA
"155",2,16.1,4,4,4,4,4,4,NA,NA,4,4,4,4,4,4,NA,NA,4,4,4,4,4,4,NA,NA,4,4,4,4,4,4,NA,NA,1,1,1,1,1,1,NA,NA,1,1,1,1,1,1,NA,NA,3,3,3,3,3,3,NA,NA,4,4,4,4,4,4,NA,NA,3,3,3,3,2,2,NA,NA
"156",2,8.1,NA,NA,3,3,4,4,NA,NA,NA,NA,3,3,4,4,NA,NA,NA,NA,2,2,4,4,NA,NA,NA,NA,2,2,4,4,NA,NA,NA,NA,1,1,1,1,NA,NA,NA,NA,2,2,1,1,NA,NA,NA,NA,4,4,3,3,NA,NA,NA,NA,3,3,3,3,NA,NA,NA,NA,2,2,3,3,NA,NA
"157",2,21.1,3,3,2,2,2,2,NA,NA,4,4,3,3,3,3,NA,NA,3,3,3,3,3,3,NA,NA,3,3,3,3,4,4,NA,NA,1,1,2,2,3,3,NA,NA,2,2,2,2,3,3,NA,NA,3,3,2,2,2,2,NA,NA,4,4,3,3,1,1,NA,NA,3,3,2,2,4,4,NA,NA
"158",2,13.1,3,3,3,3,3,3,NA,NA,4,4,4,4,4,4,NA,NA,4,4,4,4,4,4,NA,NA,3,3,4,4,3,3,NA,NA,1,1,2,2,2,2,NA,NA,1,1,2,2,3,3,NA,NA,2,2,2,2,2,2,NA,NA,4,4,2,2,2,2,NA,NA,2,2,2,2,3,3,NA,NA
"159",1,22.1,3,3,4,4,4,4,3,3,3,3,4,4,4,4,4,4,3,3,4,4,4,4,4,4,2,2,4,4,4,4,2,2,1,1,1,1,1,1,2,2,NA,NA,1,1,1,1,2,2,4,4,4,4,4,4,3,3,2,2,4,4,4,4,3,3,2,2,4,4,4,4,4,4
"160",2,19.1,3,3,4,4,4,4,4,4,4,4,4,4,4,4,4,4,4,4,4,4,4,4,4,4,3,3,4,4,4,4,2,2,1,1,4,4,1,1,1,1,1,1,4,4,1,1,1,1,1,1,4,4,4,4,2,2,2,2,4,4,1,1,2,2,3,3,4,4,2,2,3,3
"161",1,13.1,3,3,3,3,4,4,NA,NA,4,4,2,2,4,4,NA,NA,4,4,2,2,4,4,NA,NA,3,3,3,3,4,4,NA,NA,1,1,1,1,1,1,NA,NA,1,1,2,2,1,1,NA,NA,2,2,2,2,2,2,NA,NA,3,3,2,2,3,3,NA,NA,2,2,2,2,3,3,NA,NA
"162",1,14.1,NA,NA,NA,NA,NA,NA,NA,NA,NA,NA,NA,NA,NA,NA,NA,NA,NA,NA,NA,NA,NA,NA,NA,NA,NA,NA,NA,NA,NA,NA,NA,NA,NA,NA,NA,NA,NA,NA,NA,NA,NA,NA,NA,NA,NA,NA,NA,NA,NA,NA,NA,NA,NA,NA,NA,NA,NA,NA,NA,NA,NA,NA,NA,NA,NA,NA,NA,NA,NA,NA,NA,NA
"163",2,13.2,3,3,4,4,NA,NA,NA,NA,4,4,4,4,NA,NA,NA,NA,3,3,4,4,NA,NA,NA,NA,3,3,4,4,NA,NA,NA,NA,2,2,1,1,NA,NA,NA,NA,2,2,1,1,NA,NA,NA,NA,3,3,4,4,NA,NA,NA,NA,2,2,3,3,NA,NA,NA,NA,3,3,4,4,NA,NA,NA,NA
"164",1,18.2,3,3,3,3,4,4,NA,NA,3,3,3,3,3,3,NA,NA,3,3,3,3,3,3,NA,NA,3,3,4,4,3,3,NA,NA,1,1,1,1,1,1,NA,NA,1,1,1,1,1,1,NA,NA,3,3,3,3,2,2,NA,NA,3,3,3,3,3,3,NA,NA,3,3,3,3,2,2,NA,NA
"165",1,19.2,4,4,NA,NA,4,4,NA,NA,4,4,NA,NA,4,4,NA,NA,2,2,NA,NA,4,4,NA,NA,2,2,NA,NA,4,4,NA,NA,1,1,NA,NA,1,1,NA,NA,1,1,NA,NA,1,1,NA,NA,2,2,NA,NA,3,3,NA,NA,1,1,NA,NA,3,3,NA,NA,2,2,NA,NA,3,3,NA,NA
"166",1,19.2,4,4,NA,NA,4,4,3,3,4,4,NA,NA,4,4,3,3,2,2,NA,NA,4,4,3,3,2,2,NA,NA,4,4,4,4,1,1,NA,NA,1,1,1,1,1,1,NA,NA,1,1,1,1,2,2,NA,NA,4,4,NA,NA,1,1,NA,NA,3,3,NA,NA,2,2,NA,NA,4,4,NA,NA
"167",1,18.1,4,4,3,3,3,3,4,4,3,3,4,4,3,3,4,4,4,4,4,4,3,3,4,4,2,2,2,2,2,2,3,3,1,1,1,1,1,1,1,1,1,1,1,1,2,2,1,1,2,2,3,3,3,3,4,4,1,1,4,4,3,3,4,4,1,1,2,2,3,3,4,4
"168",1,10.4,4,4,NA,NA,4,4,4,4,2,2,NA,NA,4,4,3,3,4,4,NA,NA,4,4,3,3,3,3,NA,NA,3,3,3,3,1,1,NA,NA,1,1,1,1,1,1,NA,NA,1,1,1,1,4,4,NA,NA,2,2,3,3,2,2,NA,NA,2,2,1,1,2,2,NA,NA,2,2,1,1
"169",2,13.1,3,3,3,3,4,4,NA,NA,4,4,4,4,4,4,NA,NA,2,2,4,4,4,4,NA,NA,2,2,3,3,4,4,NA,NA,2,2,1,1,1,1,NA,NA,4,4,1,1,1,1,NA,NA,1,1,4,4,4,4,NA,NA,1,1,3,3,3,3,NA,NA,1,1,4,4,4,4,NA,NA
"170",1,4.1,3,3,3,3,3,3,3,3,3,3,3,3,4,4,2,2,3,3,3,3,3,3,2,2,3,3,4,4,3,3,3,3,1,1,2,2,2,2,1,1,1,1,1,1,2,2,2,2,2,2,2,2,2,2,2,2,2,2,3,3,2,2,2,2,2,2,2,2,2,2,1,1
"171",1,17.1,4,NA,NA,NA,4,4,NA,NA,4,NA,NA,NA,4,4,NA,NA,3,NA,NA,NA,4,4,NA,NA,3,NA,NA,NA,4,4,NA,NA,1,NA,NA,NA,1,1,NA,NA,1,NA,NA,NA,1,1,NA,NA,2,NA,NA,NA,4,4,NA,NA,3,NA,NA,NA,3,3,NA,NA,3,NA,NA,NA,4,4,NA,NA
"172",1,3.2,4,4,4,4,3,3,NA,NA,4,4,4,4,3,3,NA,NA,4,4,4,4,3,3,NA,NA,3,3,3,3,4,4,NA,NA,1,1,1,1,1,1,NA,NA,1,1,1,1,1,1,NA,NA,3,3,3,3,3,3,NA,NA,3,3,2,2,3,3,NA,NA,4,4,2,2,3,3,NA,NA
"173",2,5.2,3,3,3,3,4,4,NA,NA,4,4,4,4,4,4,NA,NA,4,4,3,3,4,4,NA,NA,4,4,4,4,3,3,NA,NA,2,2,2,2,1,1,NA,NA,2,2,2,2,1,1,NA,NA,2,2,2,2,4,4,NA,NA,2,2,4,4,3,3,NA,NA,2,2,4,4,2,2,NA,NA
"174",1,15.1,NA,NA,NA,NA,NA,NA,NA,NA,NA,NA,NA,NA,NA,NA,NA,NA,NA,NA,NA,NA,NA,NA,NA,NA,NA,NA,NA,NA,NA,NA,NA,NA,NA,NA,NA,NA,NA,NA,NA,NA,NA,NA,NA,NA,NA,NA,NA,NA,NA,NA,NA,NA,NA,NA,NA,NA,NA,NA,NA,NA,NA,NA,NA,NA,NA,NA,NA,NA,NA,NA,NA,NA
"175",1,10.1,NA,NA,NA,NA,4,4,NA,NA,NA,NA,NA,NA,4,4,NA,NA,NA,NA,NA,NA,3,3,NA,NA,NA,NA,NA,NA,4,4,NA,NA,NA,NA,NA,NA,1,1,NA,NA,NA,NA,NA,NA,1,1,NA,NA,NA,NA,NA,NA,3,3,NA,NA,NA,NA,NA,NA,3,3,NA,NA,NA,NA,NA,NA,3,3,NA,NA
"176",1,4.1,4,4,NA,NA,3,3,NA,NA,3,3,NA,NA,3,3,NA,NA,3,3,NA,NA,3,3,NA,NA,3,3,NA,NA,4,4,NA,NA,1,1,NA,NA,1,1,NA,NA,1,1,NA,NA,1,1,NA,NA,2,2,NA,NA,2,2,NA,NA,2,2,NA,NA,2,2,NA,NA,4,4,NA,NA,3,3,NA,NA
"177",1,24.2,4,4,NA,NA,4,4,3,3,4,4,NA,NA,4,4,2,2,4,4,NA,NA,4,4,3,3,4,4,NA,NA,4,4,2,2,1,1,NA,NA,1,1,3,3,1,1,NA,NA,1,1,3,3,3,3,NA,NA,3,3,2,2,1,1,NA,NA,1,1,2,2,2,2,NA,NA,2,2,4,4
"178",1,7.1,NA,NA,4,4,4,4,NA,NA,NA,NA,NA,NA,3,3,NA,NA,NA,NA,4,4,3,3,NA,NA,NA,NA,3,3,4,4,NA,NA,NA,NA,1,1,1,1,NA,NA,NA,NA,1,1,4,4,NA,NA,NA,NA,2,2,3,3,NA,NA,NA,NA,3,3,4,4,NA,NA,NA,NA,2,2,3,3,NA,NA
"179",2,14.1,NA,NA,NA,NA,4,4,NA,NA,NA,NA,NA,NA,4,4,NA,NA,NA,NA,NA,NA,4,4,NA,NA,NA,NA,NA,NA,4,4,NA,NA,NA,NA,NA,NA,1,1,NA,NA,NA,NA,NA,NA,1,1,NA,NA,NA,NA,NA,NA,4,4,NA,NA,NA,NA,NA,NA,4,4,NA,NA,NA,NA,NA,NA,4,4,NA,NA
"180",1,14.1,NA,NA,NA,NA,4,4,4,4,NA,NA,NA,NA,4,4,4,4,NA,NA,NA,NA,4,4,4,4,NA,NA,NA,NA,4,4,3,3,NA,NA,NA,NA,1,1,1,1,NA,NA,NA,NA,1,1,1,1,NA,NA,NA,NA,4,4,3,3,NA,NA,NA,NA,4,4,2,2,NA,NA,NA,NA,4,4,3,3
"181",1,21.1,1,1,4,4,4,4,4,4,2,2,4,4,3,3,4,4,2,2,4,4,3,3,4,4,2,2,4,4,4,4,4,4,3,3,1,1,1,1,1,1,3,3,1,1,1,1,1,1,1,1,4,4,2,2,4,4,2,2,3,3,1,1,1,1,1,1,3,3,4,4,4,4
"182",2,22.2,4,4,3,3,4,4,NA,NA,4,4,3,3,4,4,NA,NA,4,4,3,3,4,4,NA,NA,4,4,3,3,4,4,NA,NA,1,1,1,1,1,1,NA,NA,1,1,1,1,1,1,NA,NA,4,4,3,3,4,4,NA,NA,1,1,3,3,4,4,NA,NA,4,4,3,3,4,4,NA,NA
"183",1,7.2,4,4,3,3,3,3,NA,NA,4,4,4,4,NA,NA,NA,NA,4,4,4,4,NA,NA,NA,NA,4,4,1,1,2,2,NA,NA,1,1,2,2,3,3,NA,NA,2,2,2,2,3,3,NA,NA,2,2,1,1,2,2,NA,NA,1,1,4,4,2,2,NA,NA,4,4,4,4,2,2,NA,NA
"184",1,22.2,4,4,3,3,3,3,NA,NA,4,4,3,3,3,3,NA,NA,4,4,3,3,3,3,NA,NA,3,3,3,3,3,3,NA,NA,1,1,1,1,1,1,NA,NA,1,1,1,1,1,1,NA,NA,NA,NA,3,3,3,3,NA,NA,NA,NA,3,3,3,3,NA,NA,2,2,3,3,3,3,NA,NA
"185",1,17.1,4,NA,NA,NA,NA,NA,NA,NA,4,NA,NA,NA,NA,NA,NA,NA,3,NA,NA,NA,NA,NA,NA,NA,3,NA,NA,NA,NA,NA,NA,NA,1,NA,NA,NA,NA,NA,NA,NA,1,NA,NA,NA,NA,NA,NA,NA,2,NA,NA,NA,NA,NA,NA,NA,2,NA,NA,NA,NA,NA,NA,NA,2,NA,NA,NA,NA,NA,NA,NA
"186",1,15.1,NA,NA,3,3,NA,NA,NA,NA,NA,NA,3,3,NA,NA,NA,NA,NA,NA,3,3,NA,NA,NA,NA,NA,NA,4,4,NA,NA,NA,NA,NA,NA,1,1,NA,NA,NA,NA,NA,NA,1,1,NA,NA,NA,NA,NA,NA,3,3,NA,NA,NA,NA,NA,NA,3,3,NA,NA,NA,NA,NA,NA,3,3,NA,NA,NA,NA
"187",1,19.2,4,4,NA,NA,4,4,NA,NA,4,4,NA,NA,4,4,NA,NA,2,2,NA,NA,4,4,NA,NA,2,2,NA,NA,4,4,NA,NA,1,1,NA,NA,1,1,NA,NA,1,1,NA,NA,1,1,NA,NA,3,3,NA,NA,3,3,NA,NA,1,1,NA,NA,3,3,NA,NA,2,2,NA,NA,3,3,NA,NA
"188",2,22.2,4,4,3,3,4,4,4,4,4,4,3,3,4,4,4,4,4,4,3,3,4,4,4,4,3,3,3,3,4,4,4,4,1,1,1,1,1,1,1,1,1,1,1,1,1,1,1,1,NA,NA,3,3,4,4,4,4,NA,NA,3,3,4,4,1,1,2,2,3,3,4,4,4,4
"189",2,19.2,4,4,4,4,4,4,NA,NA,4,4,4,4,4,4,NA,NA,2,2,4,4,3,3,NA,NA,3,3,3,3,2,2,NA,NA,1,1,1,1,1,1,NA,NA,1,1,1,1,1,1,NA,NA,2,2,3,3,4,4,NA,NA,1,1,2,2,2,2,NA,NA,2,2,2,2,3,3,NA,NA
"190",2,3.3,4,4,NA,NA,4,4,3,3,4,4,NA,NA,4,4,3,3,4,4,NA,NA,4,4,3,3,4,4,NA,NA,3,3,3,3,1,1,NA,NA,1,1,1,1,1,1,NA,NA,1,1,1,1,4,4,NA,NA,4,4,4,4,2,2,NA,NA,2,2,1,1,2,2,NA,NA,2,2,4,4
"191",2,1.1,NA,NA,NA,NA,NA,NA,4,4,NA,NA,NA,NA,NA,NA,4,4,NA,NA,NA,NA,NA,NA,4,4,NA,NA,NA,NA,NA,NA,3,3,NA,NA,NA,NA,NA,NA,1,1,NA,NA,NA,NA,NA,NA,1,1,NA,NA,NA,NA,NA,NA,4,4,NA,NA,NA,NA,NA,NA,4,4,NA,NA,NA,NA,NA,NA,4,4
"192",2,14.1,NA,NA,NA,NA,4,4,NA,NA,NA,NA,NA,NA,4,4,NA,NA,NA,NA,NA,NA,4,4,NA,NA,NA,NA,NA,NA,4,4,NA,NA,NA,NA,NA,NA,1,1,NA,NA,NA,NA,NA,NA,1,1,NA,NA,NA,NA,NA,NA,4,4,NA,NA,NA,NA,NA,NA,4,4,NA,NA,NA,NA,NA,NA,4,4,NA,NA
"193",1,13.2,4,4,4,4,4,4,4,4,4,4,3,3,4,4,3,3,4,4,3,3,4,4,3,3,3,3,4,4,4,4,3,3,1,1,1,1,1,1,2,2,1,1,1,1,1,1,1,1,3,3,2,2,3,3,3,3,3,3,2,2,2,2,3,3,2,2,1,1,3,3,3,3
"194",2,13.1,4,4,3,3,3,3,NA,NA,4,4,4,4,4,4,NA,NA,4,4,4,4,4,4,NA,NA,3,3,4,4,3,3,NA,NA,2,2,2,2,1,1,NA,NA,2,2,1,1,1,1,NA,NA,2,2,2,2,2,2,NA,NA,2,2,4,4,2,2,NA,NA,2,2,2,2,2,2,NA,NA
"195",2,1.1,NA,NA,NA,NA,NA,NA,NA,NA,NA,NA,NA,NA,NA,NA,NA,NA,NA,NA,NA,NA,NA,NA,NA,NA,NA,NA,NA,NA,NA,NA,NA,NA,NA,NA,NA,NA,NA,NA,NA,NA,NA,NA,NA,NA,NA,NA,NA,NA,NA,NA,NA,NA,NA,NA,NA,NA,NA,NA,NA,NA,NA,NA,NA,NA,NA,NA,NA,NA,NA,NA,NA,NA
"196",1,13.1,3,3,3,3,3,3,NA,NA,4,4,4,4,4,4,NA,NA,4,4,3,3,4,4,NA,NA,3,3,3,3,2,2,NA,NA,1,1,2,2,1,1,NA,NA,1,1,1,1,1,1,NA,NA,2,2,2,2,2,2,NA,NA,2,2,4,4,2,2,NA,NA,1,1,3,3,1,1,NA,NA
"197",1,25.1,1,1,4,4,4,4,3,3,4,4,4,4,NA,NA,4,4,4,4,4,4,NA,NA,4,4,3,3,2,2,NA,NA,2,2,1,1,1,1,1,1,2,2,1,1,1,1,2,2,2,2,2,2,2,2,NA,NA,4,4,2,2,2,2,NA,NA,3,3,4,4,4,4,NA,NA,3,3
"198",1,18.1,4,4,3,3,4,4,3,3,2,2,4,4,3,3,3,3,2,2,3,3,2,2,2,2,3,3,3,3,3,3,4,4,1,1,1,1,1,1,1,1,1,1,2,2,1,1,1,1,2,2,3,3,2,2,3,3,2,2,3,3,3,3,2,2,2,2,3,3,3,3,2,2
"199",1,9.1,3,3,NA,NA,4,4,NA,NA,3,3,NA,NA,4,4,NA,NA,1,1,NA,NA,4,4,NA,NA,2,2,NA,NA,3,3,NA,NA,1,1,NA,NA,1,1,NA,NA,1,1,NA,NA,2,2,NA,NA,1,1,NA,NA,2,2,NA,NA,1,1,NA,NA,1,1,NA,NA,3,3,NA,NA,1,1,NA,NA
"200",1,20.3,NA,NA,4,4,NA,NA,3,3,NA,NA,4,4,NA,NA,4,4,NA,NA,4,4,NA,NA,4,4,NA,NA,2,2,NA,NA,4,4,NA,NA,1,1,NA,NA,1,1,NA,NA,1,1,NA,NA,2,2,NA,NA,4,4,NA,NA,4,4,NA,NA,4,4,NA,NA,2,2,NA,NA,4,4,NA,NA,3,3
"201",1,18.1,4,4,4,4,4,4,4,4,1,1,4,4,3,3,4,4,4,4,3,3,3,3,4,4,2,2,3,3,2,2,4,4,1,1,1,1,1,1,NA,NA,1,1,2,2,2,2,1,1,3,3,2,2,3,3,4,4,2,2,NA,NA,3,3,2,2,2,2,2,2,3,3,2,2
"202",1,18.1,4,4,2,2,4,4,NA,NA,4,4,4,4,4,4,NA,NA,4,4,4,4,4,4,NA,NA,4,4,2,2,3,3,NA,NA,1,1,1,1,1,1,NA,NA,1,1,1,1,1,1,NA,NA,3,3,2,2,3,3,4,4,2,2,4,4,2,2,1,1,2,2,2,2,2,2,4,4
"203",1,13.1,3,3,3,3,2,2,NA,NA,4,4,4,4,4,4,NA,NA,4,4,4,4,4,4,NA,NA,3,3,4,4,4,4,NA,NA,1,1,2,2,2,2,NA,NA,1,1,1,1,1,1,NA,NA,2,2,2,2,4,4,NA,NA,3,3,3,3,3,3,NA,NA,2,2,2,2,4,4,NA,NA
"204",1,2.1,4,NA,4,4,3,3,NA,NA,3,NA,4,4,4,4,NA,NA,4,NA,4,4,4,4,NA,NA,4,NA,4,4,4,4,NA,NA,1,NA,1,1,2,2,NA,NA,1,NA,1,1,1,1,NA,NA,2,NA,4,4,3,3,NA,NA,3,NA,4,4,3,3,NA,NA,2,NA,1,1,4,4,NA,NA
"205",1,14.1,NA,NA,NA,NA,4,4,4,4,NA,NA,NA,NA,4,4,4,4,NA,NA,NA,NA,4,4,4,4,NA,NA,NA,NA,NA,NA,4,4,NA,NA,NA,NA,1,1,1,1,NA,NA,NA,NA,1,1,1,1,NA,NA,NA,NA,3,3,4,4,NA,NA,NA,NA,1,1,3,3,NA,NA,NA,NA,4,4,4,4
"206",1,1.1,NA,NA,NA,NA,NA,NA,NA,NA,NA,NA,NA,NA,NA,NA,NA,NA,NA,NA,NA,NA,NA,NA,NA,NA,NA,NA,NA,NA,NA,NA,NA,NA,NA,NA,NA,NA,NA,NA,NA,NA,NA,NA,NA,NA,NA,NA,NA,NA,NA,NA,NA,NA,NA,NA,NA,NA,NA,NA,NA,NA,NA,NA,NA,NA,NA,NA,NA,NA,NA,NA,NA,NA
"207",1,11.2,3,3,3,3,4,4,NA,NA,4,4,4,4,4,4,NA,NA,4,4,4,4,4,4,NA,NA,3,3,3,3,4,4,NA,NA,2,2,2,2,1,1,NA,NA,2,2,1,1,4,4,NA,NA,3,3,4,4,4,4,NA,NA,2,2,4,4,2,2,NA,NA,3,3,3,3,4,4,NA,NA
"208",1,7.2,4,4,4,4,4,4,4,4,4,4,4,4,NA,NA,4,4,3,3,3,3,3,3,3,3,4,4,3,3,3,3,3,3,1,1,1,1,1,1,2,2,1,1,1,1,2,2,4,4,2,2,1,1,3,3,3,3,2,2,4,4,3,3,3,3,3,3,3,3,3,3,4,4
"209",1,2.1,4,NA,4,4,4,4,NA,NA,3,NA,4,4,3,3,NA,NA,4,NA,4,4,3,3,NA,NA,4,NA,4,4,4,4,NA,NA,1,NA,1,1,1,1,NA,NA,1,NA,1,1,1,1,NA,NA,1,NA,3,3,3,3,NA,NA,3,NA,4,4,3,3,NA,NA,3,NA,1,1,1,1,NA,NA
"210",1,10.4,NA,NA,4,4,4,4,4,4,NA,NA,3,3,4,4,4,4,NA,NA,3,3,4,4,4,4,NA,NA,4,4,1,1,4,4,NA,NA,1,1,1,1,1,1,NA,NA,1,1,1,1,1,1,NA,NA,4,4,4,4,4,4,NA,NA,2,2,4,4,1,1,NA,NA,4,4,4,4,4,4
"211",1,20.1,NA,NA,4,4,4,4,4,4,NA,NA,4,4,3,3,4,4,NA,NA,4,4,4,4,4,4,NA,NA,4,4,4,4,4,4,NA,NA,2,2,1,1,1,1,NA,NA,2,2,1,1,1,1,NA,NA,3,3,3,3,4,4,NA,NA,3,3,4,4,3,3,NA,NA,3,3,2,2,2,2
"212",1,19.3,4,4,4,4,NA,NA,2,2,4,4,4,4,NA,NA,4,4,4,4,4,4,NA,NA,4,4,4,4,3,3,NA,NA,4,4,1,1,1,1,NA,NA,2,2,1,1,1,1,NA,NA,2,2,2,2,3,3,NA,NA,3,3,4,4,2,2,NA,NA,2,2,4,4,4,4,NA,NA,4,4
"213",1,7.1,3,3,3,3,4,4,NA,NA,4,4,NA,NA,3,3,NA,NA,4,4,4,4,2,2,NA,NA,4,4,4,4,4,4,NA,NA,1,1,1,1,1,1,NA,NA,1,1,1,1,2,2,NA,NA,3,3,2,2,3,3,NA,NA,3,3,3,3,4,4,NA,NA,2,2,3,3,3,3,NA,NA
"214",2,22.1,3,3,4,4,4,4,NA,NA,3,3,4,4,4,4,NA,NA,4,4,3,3,4,4,NA,NA,4,4,4,4,4,4,NA,NA,1,1,2,2,1,1,NA,NA,1,1,1,1,1,1,NA,NA,2,2,3,3,2,2,NA,NA,2,2,3,3,4,4,NA,NA,3,3,3,3,4,4,NA,NA
"215",2,24.2,4,4,NA,NA,4,4,3,3,3,3,NA,NA,4,4,2,2,3,3,NA,NA,4,4,3,3,2,2,NA,NA,4,4,2,2,1,1,NA,NA,1,1,3,3,1,1,NA,NA,1,1,2,2,3,3,NA,NA,3,3,3,3,1,1,NA,NA,1,1,3,3,3,3,NA,NA,2,2,4,4
